policy_chunk,name,chunk_id,heading_path,section_label,text,num_tokens,num_sentences,deterministic,probabilistic
aberystwyth-university.md-2,aberystwyth-university.md,2,Research Data Management Policy,,"Accurate, documented, complete, authentic, and reliable
• Stored in a safe and secure manner
• Stored in a manner which is compliant with legal obligations and, where applicable, the requirements of funding bodies and project-specific protocols approved by the University’s Research Ethics Panel
• Able to be made available to others in line with appropriate ethical, data sharing, and open access principles Data which is shared openly should follow FAIR principles; Findable, Accessible, Interoperable, and Reuseable
6. Research data and any associated records should be retained for as long as they are of continuing value to the researcher and the wider research community, and as long as specified by the research funder, patent law, legislative, or other regulatory requirements. The minimum retention period for research data is three (3) years after publication or public release of the research. In many instances, researchers or the university will resolve to retain research data for a period surpassing the minimum requirement or indefinitely.
7. Published research papers should include a short statement describing how any supporting research data may be accessed, e.g. though citation and the use of a DOI link.
8. Subject to third party interests, research data which supports a scholarly work produced by a member of University staff, shall be owned by the University and retained for an appropriate period of time in accordance with point 6. This period may extend beyond the period of employment of the staff member with the University.
9. Subject to third party interests, research data which supports a scholarly work produced by a student of the University, will remain the intellectual property of the student and be retained for an appropriate period of time in accordance with point 6.
10. If research data or records are to be deleted or destroyed, this should be done so in accordance with University Information Compliance procedures. With all legal, ethical, funder, and collaborator requirements met, and with particular concern for confidentiality and security.
11. Research data will be offered for deposit and archival in the University repository, or an appropriate national, international, or discipline-specific repository. With a metadata record always created in the University repository.
12. The University will provide training, support, advice, and where appropriate, guidelines and templates for research data management and data management plans.",371,24,yes,yes
aston-university.md-1,aston-university.md,1,Research Data Management Policy > Aston University Research Data Management Policy > 1. INTRODUCTION AND PURPOSE,,"The maintenance of accurate and retrievable data arising from research projects is an essential component of good practice in the conduct of research and a key component of research integrity and research reproducibility. Consideration around research data management and evidence of good research data management should be seen as an integral part of the research process, which is what Aston University expects of all researchers. This is in line with Aston’s values and commitment to deliver research that changes lives for the better through collaborations between students, academic staff and industry leaders.",93,3,no,yes
aston-university.md-9,aston-university.md,9,Research Data Management Policy > Aston University Research Data Management Policy > 3. POLICY STATEMENT > 3.2 Research data,,"Research data must be stored and disposed of securely according to the relevant retention and disposal schedule, in accordance with legal, ethical, research funder and collaborator requirements and with particular concern for the confidentiality and security of the data. Records relating to research (e.g. master copies of approved consent forms, information sheets, records relating to ethical approval) should be retained for six years after the date of project closure, in line with the University Records Management Procedures. Research data that underpins published results or is considered to have long-term value should be retained.",95,4,no,yes
cardiff-metropolitan-university.md-9,cardiff-metropolitan-university.md,9,"Cardiff Metropolitan University Research Data Management Policy > 4. Storage, retention and sharing of data: expectations",4.5,"Retention periods will be decided as part of the Data Management planning exercise. Once the initial retention period as stated in the Data Management Plan has lapsed, a review will take place to assess whether the data should be retained for a further period.  Data with acknowledged long-term value will be preserved and remain accessible and usable for future research.  Conversely, data which has attracted little interest for more than ten years will not be expected to be retained.",80,4,yes,yes
carl-von-ossietzky-universität-oldenburg.md-0,carl-von-ossietzky-universität-oldenburg.md,0,ICBM Research Data Management Policy > Background & Motivation,,"Data, records, and sample related information are fundamental to both high quality research and academic integrity: to verify and defend the process and outcomes of research, accurate and retrievable research data are essential. Increasing amounts of collected and produced raw data, as well as processed data, need to be retained in order to exploit their long-term value for research, teaching, and for wider exploitation for the public good.",69,2,yes,yes
carl-von-ossietzky-universität-oldenburg.md-1,carl-von-ossietzky-universität-oldenburg.md,1,ICBM Research Data Management Policy > Background & Motivation,,"The purpose of data management is to maximise the academic value of research data by ensuring that such data is managed according to good practices for collection, curation, storage, management, retrieval, re-use, sharing, archiving, and access, appropriate for the data and discipline concerned.",44,1,yes,yes
carl-von-ossietzky-universität-oldenburg.md-2,carl-von-ossietzky-universität-oldenburg.md,2,ICBM Research Data Management Policy > Objectives,,"This policy defines research data as all data, records, and sample related information created or collected for the purposes of analysis to generate original research results. In accordance with the university guidelines for good scientific practice[1] and the Findable, Accessible, Interoperable and thus Reusable (FAIR) principles[2], research data, regardless of the form or the media in which they may exist, should be

accurate, complete, authentic, and reliable, identifiable, retrievable, and available when needed, secure and safe, able to be made available to others.

Research data should be retained

a) as long as they are of continuing value to the researcher or the wider research community, b) as long as specified by the funding body, and
c) for a minimum of ten years after publication.",124,6,yes,yes
central-european-university.md-0,central-european-university.md,0,Ethical Research Policy,,"The purpose of the CEU Ethical Research Policy is to establish the principles and responsibilities for ethical conduct in research by the members of the CEU community and in research supported by CEU. As a research intensive university, CEU values and protects academic freedom while safeguarding ethical principles in research such as respect for persons and their welfare and justice.",60,2,no,no
copenhagen-business-school.md-11,copenhagen-business-school.md,11,CBS Research Data Management Policy > 3. Division of responsibilities in the research data life cycle > 3.3 Sharing Results > 3.3.2  Long-term preservation of research data,," Data selection: Researchers should archive all research data of high value (costly or difficult to replace), unless Danish legislation states otherwise. Researchers are encouraged to archive research data that could help defend their research against possible challenges. Data disposal: Researchers should plan for appropriate disposal of research data that are not selected for long-term preservation. Data disposal has to take place in accordance with CBS Information Security Policy, CBS Information Security Rules, and CBS Information Security Instructions.8 Long-term preservation: In accordance with the Danish Code of Conduct for Research Integrity , researchers must ensure that research data selected for long-term preservation remain archived for a minimum of five years after project completion. Researchers working with personal data must archive their research data at the Danish National Archives (Rigsarkivet), unless Danish legislation states that the research data must be destroyed upon project completion.

CBS IT provides guidance and support concerning safe data disposal.

CBS Research Data Management Support provides guidance on trusted data repositories and on archiving data at the National Archives (Rigsarkivet).",174,7,yes,yes
de-montfort-university.md-6,de-montfort-university.md,6,CONTENTS > SCOPE,,"7. All new research proposals for external funding must include research data management plans or protocols (DMPs) in line with the relevant funders’ policies (bearing in mind that some funders may require a DMP to be in place even if they do not ask for it to be submitted to them).  DMPs are also encouraged for research that is not externally funded, in order to enable cross-checking and validation, and support research integrity.  Additionally, it may be the case that individual Faculty Ethics Committees might require a DMP to be submitted with ethics applications.

8. All DMPs should include responsibilities for data collection, documentation and metadata, ethical and legal compliance, storage and backup, selection of data of long-term value, preservation and data sharing.",123,6,yes,yes
de-montfort-university.md-8,de-montfort-university.md,8,CONTENTS > SCOPE,,"10. All research data of continuing value to the researcher and/or wider research community, or specified by funding bodies or publishers, or required for legal or other regulatory purposes, must be made openly available unless restrictions apply (see sections 16 and 17).

In the case of digital data, this may be achieved by depositing data to a specific domain repository (see section 11 below), or to the University data repository at",68,3,yes,yes
edinburgh-napier-university.md-10,edinburgh-napier-university.md,10,Scope of Policy > Responsibilities,,"1. Researchers must comply with funder data management requirements and are responsible for making themselves familiar with and adhering to legislation (including data protection and trusted research), contractual obligations and funder policies governing their research data.
2. Ensure they undertake training and cognisance of the guidance and support as offered by the University.
3. Seek to recover the direct costs of managing research data from the research funder where possible.
4. Researchers must ensure that active research data are stored securely and protected from loss. University approved systems such as the University networked storage system must be used for storing research data in both original and processed formats. The University has created a central research data file store for this purpose and will provide advice on technical solutions for research data storage and archiving.
5. Ensure that Metadata describing the structure and content of the data is routinely created and updated, whether manually or automatically, for project continuity purposes in line with University metadata standards and conventions guidance. At the end of the project, researchers will ensure that appropriately structured metadata describing the research data they hold is published (normally within 12 months of the data being generated) and made freely accessible on the internet.
6. Ensure data is stored for a period at least as long as that required by any funder or sponsor of the research. Research data must be retained after project completion if they substantiate research findings, are of potential long-term value or support a patent for at least 10 years.
7. Ensure research data that have been selected for retention are made openly available with as few restrictions as possible, unless this would breach legislative, regulatory, contractual, ethical or other obligations, or where the cost of doing so

would be prohibitive. Wherever possible, potential restrictions on data should be described in the project’s data management plan.",304,20,no,yes
eth-zurich.md-14,eth-zurich.md,14,Guidelines for Research Data Management at ETH Zurich (RDM Guidelines)1 > Preamble > Chapter 2: Research Data Management > Art. 7   Storage and Safeguarding,3,"For practical and cost reasons, such data can be moved, e.g. to inexpensive storage with ETH Zurich’s IT Services together with information on responsible contact persons and required retention periods. If for such data redundant storage in the available infrastructure is technically or economically not feasible, researchers must be able to fully recreate them using existing code and documentation if required.

The departments:

inform new researchers about the RDM Guidelines that are in force at ETH and, if applicable, at the level of the department; and

define processes for the case where a Research Group Leader leaves ETH or retires in order to prevent the loss of valuable data and to make sure that archiving periods are observed.

Research Group Leaders are responsible for good RDM practice in their research groups, platform, or facility. This implies in particular:",140,8,yes,yes
faculty-of-applied-sciences-at-technical-university-delft.md-10,faculty-of-applied-sciences-at-technical-university-delft.md,10,Faculty of Applied Sciences Research Data Management Policy > Faculty Roles and Responsibilities > Data Stewards are responsible for:,,". Facilitating the development, review and implementation of the faculty's data management policy.
: Creating awareness and explaining to researchers the added value of good data management.
. Assisting researchers in planning the collection, management, and publication of data in research projects and liaising with other service providers (such as Legal services, ICT, Human Research Ethics Committee) as required.
: Helping researchers with writing data management plans and with budgeting for research data management costs in their grant applications.
. Developing and running training events tailored to researchers' needs.
: Identifying researchers who already have good data management practices and encouraging them to become Data Champions7 to establish local contact points of expertise.
: Advising researchers on regulations for working with personal research data (in coordination with the ICT Privacy Team8 and Human Research Ethics Committee9).",130,10,yes,yes
faculty-of-technology-policy-and-management-at-the-technical-university-delft.md-15,faculty-of-technology-policy-and-management-at-the-technical-university-delft.md,15,"Faculty of Technology, Policy and Management Research Data Management Policy > Roles and Responsibilities within T P M > Data Stewards must:",,". Assist researchers in planning the collection, management, and publication of data in research projects and liaise with other service providers (such as Legal services, ICT, Human Research Ethics Committee) as required.
: Help researchers with writing data management plans and with budgeting for research data management costs in their grant applications.
. Develop and run training events tailored to researchers' needs.
: Lead the development, review and implementation of the faculty's data management policy.
: Create awareness and explain to researchers the added value of good data management.",85,7,yes,yes
faculty-of-technology-policy-and-management-at-the-technical-university-delft.md-19,faculty-of-technology-policy-and-management-at-the-technical-university-delft.md,19,"Faculty of Technology, Policy and Management Research Data Management Policy > Colofon",,"The Faculty is comprised of three closely collaborating departments, each with a different perspective on addressing these complex societal challenges: systems, governance and values. The smart combination of these three perspectives is at the core of Comprehensive Engineering, and is the main thrust of the Faculty. The main application domains of the Faculty, in which the majority of its research projects can be clustered, are: energy, climate, mobility, ICT, water, and cyber.

T: +31 (0)15 27 89 801
Building 31
Jaffalaan 5

BX Delft

Nicolas Dintzner T: +31 (0)15 27 86 338 E: N.J.R.Dintzner@tudelft.nl Research Data Management Portal

Design: Nina Noordzij | Collage, Grou

Photograph: Getty Images",99,10,no,no
hasselt-university.md-30,hasselt-university.md,30,General policy plan on research data management at Hasselt University > 9. Storage and preservation of research data > Backup of research data during the research project,,"A backup is essential to safeguard important and valuable research data in case of loss of or damage to the data on the original carrier. If one makes use of the institutional facilities mentioned above, such backup strategy will be provided by default. However, if one chooses to make use of an external facility, the researcher himself/herself will be responsible for implementing a backup strategy. For more information, one should contact the Central Information Technology Service (CID).",78,4,yes,yes
hasselt-university.md-31,hasselt-university.md,31,General policy plan on research data management at Hasselt University > 9. Storage and preservation of research data > 9.3 Preservation of research data after the end of the research project,,"Research data that were generated or collected within the framework of a completed research experiment or analysis, and that the researcher considers to be valuable for (re)use, verification, valorization or data collection, should be preserved. Moreover, when the research data are part of a scholarly publication or patent application, they must be preserved in any case.",57,2,yes,yes
hasselt-university.md-35,hasselt-university.md,35,General policy plan on research data management at Hasselt University > 9. Storage and preservation of research data > 9.4 Preservation period,,"In addition, if the costs for data curation are in proportion to the academic, socio-cultural or economic added value of the (relevant) research data, the latter can be archived for the longer term, that is after the minimum preservation period of five years has elapsed. Such long-term preservation is only decided upon in close consultation with the researcher or his/her hierarchical responsible.",65,2,yes,yes
helmholtz-munich.md-1,helmholtz-munich.md,1,Research Data Policy of the  Helmholtz Center Munich > 1. Introduction,,"Due to the dynamics of the use of new analytical instruments, research data from current and also from already completed projects can generate additional value for future scientific projects. However, this can only be realized and protected if the data obtained is already protected against loss during the course of the project and if it remains reusable for future projects thanks to its format, the link with corresponding metadata and the assignment of persistent identifiers (DOI). Securing the research data obtained at the center for subsequent use is an essential prerequisite for future innovative (meta)analyses, e.g. to gain new knowledge on the complex interactions between environmental factors and human health.",112,4,yes,yes
huron-university-usa-in-london.md-11,huron-university-usa-in-london.md,11,VIII.   Institutional Strategy > Objective 1: Build RDM Awareness and Institutional Capacity,,"Promote the value and importance of data management
Increase awareness of the new Tri-Agency RDM requirements and the Tri-Agency Statement of
Principles on Digital Data Management
Survey the Huron research community to evaluate current RDM practices, gaps, and capacity
Identify needs for data storage, data deposit, and data security
Develop and implement an institutional framework to support RDM",60,6,yes,yes
iscte---instituto-universitario-de-lisboa.md-1,iscte---instituto-universitario-de-lisboa.md,1,iscte INSTITUTO UNIVERSITARIO DE LISBOA > RESEARCH DATA MANAGEMENT AND SHARING POLICY OF ISCTEINSTITUTO UNIVERSITÁRIO DE LISBOA,,"In the current research panorama, under constant evolution, the effective management of research data is of extreme importance for higher education institutions. Iscte - Instituto Universitário de Lisboa (Iscte) acknowledges the relevance of research data as a valuable resource sustaining the integrity and quality of its academic activities. In conformity with global best practice and committed to the guiding principles of Open Science of the European Commission and Fundação para a Ciência e a Tecnologia, I.P. (FCT), Iscte fully endeavours to foster a research environment that empowers its academic community to stand out in the generation, preservation and sharing of research data.

This Research Data Management and Sharing Policy reflects Iscte’s commitment to research integrity, innovation and social impact, while simultaneously contributing to the global dialogue on the responsible and effective management of research data.",139,5,yes,yes
iscte---instituto-universitario-de-lisboa.md-11,iscte---instituto-universitario-de-lisboa.md,11,iscte INSTITUTO UNIVERSITARIO DE LISBOA > Scope > Requirements,,"1. Requires the deposit, within the Zenodo repository Iscte community,7 of the necessary research data for the validation of the scientific research results produced at Iscte. The data should not only be accompanied by persistent identifiers (for example, Digital Object Identifier (DOI), Open Researcher and Contributor Identification (ORCID ID)), but must also be related to the publications and other outputs whenever possible (through DOI and/or Handle).8
2. Requires that the research data be managed in accordance with the FAIR principles, ensuring that they are findable, accessible, interoperable, and reusable.
3. Requires the research data’s availability under open access, with possible duly justified exceptions, in accordance with the principle of as open as possible, as closed as necessary. If the access to the data is not open, due to constraints of legal nature, privacy or other, the legitimate reasons justifying the restricted access should be described in the Data Management Plan. In any case, the metadata that ensure the data’s location must be provided.
4. Requires the availability of anonymous or anonymised research data, whenever the envisaged purposes of the research may be achieved in that form or, where it is necessary to make data of personal nature available, their provision in conformity with the General Data Protection Regulation and following the Guidelines for Researchers9 on Personal Data Protection in Scientific Research Activities at Iscte.
5. Requires the submission of the Data Management Plan10 within six months after the project starting date, on the respective Ciência-IUL project page, ensuring that the final version is up-to-date.
6. Requires the research data to be accompanied by all the necessary metadata for its reuse and validation. If applicable, information should be provided on the tools and instruments required for their reuse and validation (and, whenever possible, the actual tools and instruments should be provided).
7. Requires the definition of the rights of use of the research data through assignment of the appropriate licenses – CC BY or CC0 – or equivalent licenses.11
8. Requires the research data’s storage and processing in a secure environment, preferably using the institutional infrastructures,12 in order to prevent losses and unauthorised alterations, ensuring confidentiality whenever necessary.
9. Requires the preservation, for a period of 10 years after the project's completion, after the publication or public presentation of the research work, of the research data required for the validation of the research results or considered of value to the researcher or scientific community. However, the specifications of the funder, publisher, patent, legal requirements or other regulatory requirements should be fulfilled.
10. Requires the elimination or destruction of the research data in accordance with the legal and ethical requirements with special attention paid to their confidentiality and security.

Iscte-Instituto Universitário de Lisboa is responsible for:",452,26,yes,yes
johannes-kepler-university-linz.md-1,johannes-kepler-university-linz.md,1,Research Data Management Policy Guideline > Contents > 1. Objective,,"The Johannes Kepler University (JKU) acknowledges the fundamental significance of managing research data and related records needed to attain high-quality research and scientific integrity. Correct and easily accessible research data form the basis and essential component of any research activity. They also enable the research process or research results to be reviewed and justified, as well as subsequently used. The JKU strives to promote the highest standards in this respect in compliance with the FAIR principles in order to ensure the long-term value of research data for science, research and society. This policy guideline is designed to advise JKU scientists on how they handle research data.",108,5,yes,yes
karlstad-university.md-8,karlstad-university.md,8,Guidelines for Research Data Management at Karlstad University > 3. Foundational principles for research data management > 3.1 Public documents,,Research data shall be stored in an easily accessible way as long as they are deemed valuable for  further research and also be prepared for long-term storage and archiving in accordance with the regulations of the National Archives and the university’s guidelines.  Research data can only be disposed of if there is a rule allowing it. Disposal must follow the local rules on procedures at Karlstad University.,69,3,no,yes
kings-college-london.md-5,kings-college-london.md,5,II. Principles,,Research data is a valuable resource in its own right. It validates research findings and has long term value as a potential resource for future research and teaching. Good practice in research data management benefits the wider research community and enhances the public value of research by:,47,3,yes,yes
kth-royal-institute-of-technology.md-4,kth-royal-institute-of-technology.md,4,GUIDELINES > Guidelines on managing research data > 1 Managing research data > 1.1 Creating a data management plan,,"are a public document in accordance with the Swedish Freedom of the Press Act
(1949:105) and how this information is to be made available;
are a general document subject to confidentiality in accordance with the Swedish Public Access to Information and Secrecy Act (2009:400) and that management takes place to ensure that confidentiality is not prejudiced;
are security-protected and that in such cases management takes place in accordance with security protection legislation;
are collected in such a way that an ethical review needs to take place in accordance with the current Swedish Ethical Review Act (2003:460);
contain personal data and that in such cases processing takes place in accordance with data protection legislation and that processing is recorded in KTH’s personal data processing register;

have a future research value and should be preserved in the long term in accordance with the Swedish National Archives’ regulations (RA-FS 1999:1).

The regulatory framework for research data management with regard to preservation is described in KTH’s information management plan. The data management plan shall be designed on the basis of this.

The data management plan can be revised continuously throughout the research process.",189,10,no,yes
kth-royal-institute-of-technology.md-5,kth-royal-institute-of-technology.md,5,GUIDELINES > Guidelines on managing research data > 1 Managing research data > 1.2 Research data management in collaborations,,"When research takes place in collaboration with other actors, data management must be clarified in, or in connection with, the research collaboration agreement that should be concluded between the parties. This must specify who is responsible, whether there are any reasons for confidentiality and, in cases where intellectual property values arise, who has the access rights and ownership rights. If there is processing of personal data, responsibility for this must be clearly specified.

KTH strives to ensure that exclusive ownership rights to publish and reuse research data are not assigned to other actors, and that KTH retains access rights to use research data in future research and education.",108,4,yes,yes
leeds-trinity-university.md-1,leeds-trinity-university.md,1,Leeds Trinity University Research Data Management Policy > Introduction,,"meet the requirements of our funders
recognise the value and impact of our research data, to ourselves and others
improve the visibility of and our reputation for research and create opportunities for further research collaboration
encourage open enquiry and allow results to be independently tested, improving the overall quality of research.

Research data means information in digital, computer-readable format or paper based that:",64,5,yes,yes
london-school-of-hygiene--tropical-medicine-university-of-london.md-4,london-school-of-hygiene--tropical-medicine-university-of-london.md,4,Research Data Management Policy > 2 PURPOSE AND OVERVIEW,2.1,"The London School of Hygiene & Tropical Medicine (LSHTM) recognises research data as a valuable asset that forms the basis for rigorous scientific enquiry, serves as evidence of research conduct, and has the potential to support equitable partnerships and enable new and innovative research in public health.

This Research Data Management Policy (henceforth RDM Policy) sets out expectations for how researchers should manage and share research data under their control in accordance with good research practice.",75,2,yes,yes
loughborough-university.md-1,loughborough-university.md,1,Loughborough University Research Data Management Policy > Research Data Management Policy > Policy statements,,"1.   The University is committed to research excellence and integrity. As such, it seeks to promote high standards of research data management throughout the research data lifecycle.
2.   New research proposals from 9th September 2016 should include research data management plans or protocols in line with funders’ policies. In other instances, research data management plans are encouraged. All plans should include responsibilities for data collection, documentation and metadata, ethical and legal compliance, storage and backup, selection of data of long-term value, preservation and data sharing.
3.   Research data management plans should ensure that research data are available for access and re-use wherever appropriate and under appropriate safeguards.
4.   To enable research data to be discoverable and effectively re-used by others, sufficient metadata should be recorded and made openly available via the University data repository. The link to the repository can be found here:
5.   All research data of continuing value to the researcher and the wider research community, or specified by funding bodies, or required for legal or other regulatory purposes should be registered with the University, even that which is retained elsewhere, for example in an international data service or domain repository.
6.   Research data that may be of future historical interest, including data that substantiate research findings, should normally be offered and assessed for deposit and retention in an appropriate data service or domain repository, or the University data repository.
7.   The legitimate interests of the subjects of research data must be protected.
8.   Exclusive rights to reuse or publish research data should not be handed over to commercial publishers or agents without retaining the rights to make the data openly available for reuse, unless this is a condition of funding.
9.   Where any research is subject to any associated contractual arrangements and/or grant conditions that conflict with this policy, the provisions of such contractual arrangements and/or grant conditions will take precedence.",309,22,yes,yes
loughborough-university.md-3,loughborough-university.md,3,Loughborough University Research Data Management Policy > Research Data Management Policy > Policy statements > Researchers’ responsibilities,,"Researchers are required to comply with the conditions of their of their research funders’ data policies.
Researchers should ensure published results always include information on how to access the supporting data.
PIs should review their data holdings assessing their research value e.g. for potential future use in research and education, and wider applications for policy, commerce or public interests.
PIs should notify the University of their data holdings and supply the Data Asset Register (currently the University data repository) with metadata relating to their data.",86,5,yes,yes
lund-university.md-17,lund-university.md,17,Lund univeRsiTy > Guidelines concerning research data storage at the Faculties of Humanities and Theology > Research data storage procedures at the Faculties of Humanities and Theology,,"After assessing the preservation value, which is done in consultation between researchers and the head of department (see above), the IT unit transfers the documents deemed disposable after the retention period by the head of department to the corresponding folder at the intermediate archive of the Faculties of Humanities and Theology. The documents will automatically be disposed of at the end of the retention period. The documents that are to be preserved remain in the project folder, which is then transferred in its entirety to the storage solution for archived material.",91,3,no,yes
manchester-metropolitan-university-mmu.md-8,manchester-metropolitan-university-mmu.md,8,Manchester Metropolitan University Research Data Management Policy > Roles and Responsibilities > 4.5 Researcher’s Responsibilities,4.5.6,"The PI is responsible for appraising and preparing active data for archiving and reuse. Data that is shared should align with FAIR principles, use a suitable format to allow verification of published research findings, and be of long-term academic value.

The Pl is responsible for ensuring the research dataare suitably archived and shared in the University’s research repository (or appropriate alternative), subject to specific legal, contractual, ethical or regulatory requirements.

The PI is responsible for destroying data that cannot be retained due to legal requirements or that is not of long-term value as specified in the DMP.

The University is responsible for providing appropriate infrastructure for secure data storage through a centralised storage solution in order to ensure the safety, integrity and accessibility of live research data.

The University provides an archive and research repository for the archiving, sharing, and long-term preservation of research data.

The University is responsible for the provision of training, support and advice on research data management.

Data sharing should be considered at the beginning of the project and provision outlined in the DMP.",182,8,yes,yes
medizinische-universität-graz.md-2,medizinische-universität-graz.md,2,MU,,"<html><body><table>MedizinischeUniversitätGraz
Term/Abbreviation Meaning
Third A natural or legal person, authority, institution, or other body that does not belong to MedUniGraz.ThisalsoincludestheSteiermarkischeKrankenanstaltenGesmbh (KAGes, the Styrian Hospital Association) and the LKH-Univ.-Klinikum Graz (University Hospital Graz).
FAIR principles According to the“FAlR Data Principles""(Guidelines on FAIR Data Management in Horizon 2020),research data should be ""Findable, Accessible,Interoperable,and Re- therefore, must be considered in the context of research data management and in the creation of research data management plans. However, this does not mean that the re-use of data must always be free of charge or made possible for anyone who wishes to do so.
Researchdata Research data encompasses all information required to support or validate the origin, history, outcome, observations, or findings of a research activity. These are created over the course of scientific projects, e.g. through digitisation, records, experiments, characteristics and can go through different phases over their life cycles (e.g. raw data, processed data, released data, published data).
Researchdata management Research data management includes all activities associated with the collection, documentation, storage, provision, archiving and, if necessary, destruction of research data. It encompasses all phases of the research process. The data management plan is
FOG s //www.ris.bka.gv.at)
Good Scientific Practice ""Good scientific practice embraces all the procedures and practices that are necessary for planning, conducting and reporting research and scholarship within a framework of scientific integrity."" (Extracted from the ESF Policy Briefing ""Good Scientific Practice in Research and Scholarship"", p. 5). Standards for good scientific practice thus cover documentation, publication and authorship. They also apply to the supervision of students and young scientists and to questions about cooperation and shared responsibility in research groups. Med Uni Graz has defined its standards for good
forschung/pdf/RichtlinieGoodScientificPracticeEN.pdf/ Personaldataincludeinformationthatrelatestoanidentifiedoridentifiablenatural
person, e.g. their name, address, date of birth, national insurance number, patient ID, or health data.
Repository data. Its primary purpose is to ensure that these data are available, citable and reusable for a limited or an unlimited period of time. Appropriate rights and licence (e.g. project-internal, inter-project and public) and to define their access and usage

Term/Abbreviation Meaning
Rightofdisposal The right of disposal is the right to use, modify, assign value to an (in-)tangible asset andtoretaintheresultingprofitsortheobligationtobearlosses.",385,27,yes,yes
medizinische-universität-graz.md-3,medizinische-universität-graz.md,3,MU Medizinische Universitat Graz > Preamble,,"The Medical University of Graz (Med Uni Graz) recognises the fundamental importance of research data management, including the importance of maintaining the accompanying records, to ensure high-quality research and scientific integrity. It strives to promote the highest standard in this regard in accordance with the FAIR principles. Accurate, easily retrievable and traceable research data are a fundamental and integral part of any scientific research activity. These data are also essential in that they allow research processes and results to be reviewed and defended, among other things. Research data are of lasting value to research and teaching, opening up the potential for their broad use by members of society.

Research data shall be handled exclusively in accordance with the applicable national and international legal provisions.",125,6,yes,yes
middlesex-university.md-3,middlesex-university.md,3,Research Data Management > 1. Introduction,,"Individual funding councils such as Engineering and Physical Sciences Research Council (EPsRc)' and Economic and Social Research Council (EsRc)' have updated research data policy statements to set out responsibilities of both the individual researcher and research institutions. While other funders are not explicit in their expectations there is an implicit

Research Data Management can be described as ""..an explicit process covering the creation and stewardship of research materials to enable their use for as long as they retain value”6",79,3,yes,yes
newcastle-university.md-1,newcastle-university.md,1,Newcastle University Research Data Management Policy Principles & Code of Good Practice,,"olicy Principles 1. The project Principal Investigator (PI) at Newcastle University has overall responsibility for the appropriate storage, treatment (including making data sets suitable for publication) and security of research project data. PIs may delegate discrete responsibilities to other members of the project team and this should be recorded. 2. All research projects are encouraged to create a data management plan at the earliest practical stage of a project. The plan should outline a project’s approach to data, including costs and be reviewed regularly to ensure that practice remains in-line with expected standards. 3. All University staff are responsible for making themselves familiar with and adhering to legislation, funder guidance and University policy governing their research data. 4. The University expects that data (particularly personal data) be protected in line with both external and internal standards and discipline specific practice. The PI has responsibility for ensuring the safeguarding of personal identifiable research data and compliance with all relevant legal requirements. 5. Researchers should deposit all significant archive research data in an appropriate funder mandated or discipline specific data repository. Where this is not available, data should be deposited in an approved centre / manner. 6. Published datasets should be comprehensive and have clear instructions for access, which adheres to data citation principles. Metadata (descriptive information) should be rich enough to facilitate discovery, reproduction and reuse. Personal data should be protected in line with the University’s Ethics Policy and Code of Good Practice. 7. Research data should remain available for 10 years following any publication (unless otherwise specified) after which retention will be reviewed. Metadata will be kept indefinitely. 8. Non-digital data or digital data that underpins a publication should be recorded in the University’s data catalogue as a metadata record. 9. The University undertakes to provide appropriate resources, training, support and guidance to researchers and research support staff around data management and data governance. Where appropriate, the University will also provide a mechanism to record research metadata and to manage access. 10. Where research data has a commercial value or supports a commercial output such as a patent then public disclosure of the data may be delayed (this should be agreed in consultation with Research Strategy and Development).",361,28,yes,yes
newcastle-university.md-20,newcastle-university.md,20,Newcastle University Research Data Management Policy Principles & Code of Good Practice > Code of Good Practice in Research Data Management > 8. Commercialisation,,"Where research data has, or may have, commercial value, Research Strategy and Development should be consulted at the earliest possible stage. They will assist in assessing the value of the data, provide advice on the exploitation of any opportunities and whether publication of the data should be delayed or access restricted.

Link to Research Strategy and Development Policies and Enterprise Teams

Each project should create and maintain a data management plan that details all key information on the project. For advice on this please see the additional resources.",88,5,yes,yes
newcastle-university.md-23,newcastle-university.md,23,Newcastle University Research Data Management Policy Principles & Code of Good Practice > Code of Good Practice in Research Data Management > 9. Active Storage & Data Security > 9.2. Non-digital Research Data,,"Wherever possible and appropriate non-digital research data should be digitised. If they cannot be digitised they should be stored securely in line with discipline best practice and digital metadata (information of data location and access conditions) provided at publication / project end.

The University mandates that the project data underpinning publications and data with acknowledged long-term value should remain accessible, and where appropriate discoverable, for at least 10 years.",69,3,yes,yes
newcastle-university.md-26,newcastle-university.md,26,Newcastle University Research Data Management Policy Principles & Code of Good Practice > Additional Resources,,"Relevant Policies
Planning guidance and examples of data management plans
Data storage and security
Preservation and sharing guidance
Training events and resources
List of recommended repositories and storage providers
Funder terms and conditions
Information Governance Toolkit
Contact details for relevant support

Security-sensitive materials in this case can be defined as:- a) Those which are covered by the Official Secrets Act (1989) and the Terrorism Act 2006. b) Materials which could be considered ‘extremist’ or incompatible with British values.",77,11,no,no
queen-margaret-university-edinburgh.md-1,queen-margaret-university-edinburgh.md,1,,,"Supports openness and transparency in research undertaken at the University by ensuring research is of the highest integrity and is underpinned by accurate robust data
Promotes open access to research data to facilitate data sharing and collaboration Ensures that the University adheres to the UK Research and Innovation Common, UKRI, principles on data policy, and provides accountability for the use of public funds
Establishes the responsibilities of University researchers in relation to research data management and archiving.

This Policy applies to all University staff engaged in research.  This includes staff and students, and those who are conducting research on behalf of the University.

The Policy does not apply to taught Postgraduate and undergraduate students, except where their research is included in published outputs.

The University recognises research data as a valuable institutional asset, and the important role of research data management in underpinning research excellence and integrity.

To this end, the University endorses the RCUK Common Principles on Data and the UK Research and Innovation Common, UKRI, principles on data policy.

Research data will be managed in line with funder requirements as well as University policy and other relevant regulations and legislation.

Research data must be:",196,10,yes,no
queen-margaret-university-edinburgh.md-4,queen-margaret-university-edinburgh.md,4,"3 Policy > 6 Personally Identifiable Data, PID > Data Management Principles",7.2,"Research data that underpins published results or is considered to have long-term value should be retained.  The default period for research data retention is 10 years from date of last requested access. However, retention periods should, as a minimum, conform to the requirements of a funding agency or body.

Retained data must be deposited in an appropriate data service, or as mandated by the funder or otherwise directed.

A statement describing how and on what terms any supporting data may be accessed must be included in research outputs.

Where research is undertaken in partnership or under contract with a third party, a collaboration agreement must be signed before the start of the research that clearly addresses data ownership and partner responsibility for data storage.

Data placed on temporary storage must be transferred back onto the approved storage platform as detailed in the DMP as soon as the requirement for temporary storage has ended.

Research proposals should consider whether storage requirements may exceed those currently offered by the University.  Any such potential requirement should be discussed in advance of the application with both IT and the RDM Working Group.

Before staff leave the university, data of long-term value produced using University resources must remain accessible to the University.  Ownership of the data should be transferred to another member of staff on agreement of the Head of Division.

At the completion of a project, the PI must assess what data are of long-term value, and whether the data can be made openly available in a manner consistent with relevant legal, ethical and regulatory frameworks.

If research data are to be deleted or destroyed, this should be done in accordance with all legal, ethical and funder requirements and only after the written approval of the Head of Division.

Retained data suitable for external access should be stored on QMU's institutional data repository, eData unless an alternative is mandated by the funder.

Library Services manages QMU's open-access data repository, eData.  It exists to preserve datasets that support research outputs published by QMU researchers, as required by funder or publisher mandates, and to maximise their sharing and reuse.

Datasets shared in eData should be used in accordance with the Terms in the QMU

Repositories Policy.

After a project, a metadata record describing retained data must be made publicly available within 12 months of the project completion.

Metadata and documentation about research data should provide sufficient contextual information to enable the data to be discovered, accessed, understood, interpreted and reused by future users.

If access to the data is restricted, the published metadata should provide the reasons for the restrictions and summarise the conditions that must be satisfied for access to be granted.

All users of research datasets should acknowledge the sources of their data and abide by the terms and conditions under which they were accessed, in order to recognise the intellectual contributions of research teams and supporting organisations.

Research data must be managed throughout its lifecycle in compliance with relevant legislation.",501,23,yes,yes
queen-mary-university-of-london.md-1,queen-mary-university-of-london.md,1,Research Data Access and Management Policy > 1  Background,,"publicly funded research data should be made openly available in a timely manner;
data with acknowledged long term value should be made accessible;
RCUK recognises that there are legal, ethical and commercial constraints on release of research data. To ensure that the research process is not damaged by inappropriate release of data, research organisation policies and practices should ensure that these are considered at all stages in the research process;
Research Council funded work may be entitled to a limited period of privileged use of the data.

A summary of funder data management/sharing requirements can be found here:",99,6,yes,yes
queen-mary-university-of-london.md-2,queen-mary-university-of-london.md,2,Research Data Access and Management Policy > 2  Guidelines for researchers on Open Data,,"1. In general, access to the data underlying research has a range of advantages - it promotes the progress of research as a whole, allows for the validation and reproduction of research findings, and enables the efficient and costeffective creation of additional social and economic value.",44,2,yes,yes
qutech.md-12,qutech.md,12,QuTech Research Data Management Policy > QuTech Roles and Responsibilities > Data Stewards are responsible for:,,"Facilitating the development, review and implementation of the QuTech data management policy.
Creating awareness and explaining to researchers the added value of good data management. Supporting research teams in developing and maintaining documentation on data management processes and making it accessible to all relevant QuTech employees.
Assisting researchers in planning the collection, management, and publication of data in research projects and liaising with other service providers (such as Legal services, ICT, Human Research Ethics Committee) as required.
Helping researchers with writing data management plans and with budgeting for research data management costs in their grant applications.
Developing and running training events tailored to researchers’ needs.
Identifying researchers who already have good data management practices and encouraging them to become Data Champions6 to establish local contact points of expertise.
Advising researchers on regulations for working with IP sensitive data possibly together in collaboration with the private partner.",146,8,yes,yes
robert-gordon-university.md-1,robert-gordon-university.md,1,Research Data Management Policy > RESEARCH DATA MANAGEMENT > Purpose and Context,,"RGU recognises that good research is underpinned and validated by good data. Research data provides the evidence of academic endeavours and in conjunction with publications, forms an important part of the scholarly record. Research data is a valuable asset and good management of research data brings benefits to the researcher, the University and the wider community. All researchers at RGU create or use some type of data as part the research process.

Responsible handling of research data provides a clear indication that the institution and individual researchers are operating with integrity.

Sharing research data appropriately enhances the value and impact of research, therefore, RGU supports:

the UkRl position that publicly funded research data is a public good and that it should be made openly available with as few restrictions as possible in a timely and responsible manner",137,7,yes,yes
robert-gordon-university.md-4,robert-gordon-university.md,4,Research Data Management Policy > RESEARCH DATA MANAGEMENT > Legislation and Standards,,"are acting in an appropriate manner concerning research data
conform to all ethical legal and professional obligations relevant to their work .1.3 nurture a research environment that makes data open wherever practical and affordable
use transparent, robust and fair processes to make decisions concerning data openness

have appropriate mechanisms in place to provide assurances as to the integrity of their research data and recognise the importance of data citation and credit acknowledgement

This policy covers all types of research that is expected to result in published findings of lasting scholarly value including:",91,5,yes,yes
royal-college-of-art.md-1,royal-college-of-art.md,1,Royal College of Art - Research Data Management Policy > 1. Introduction,,"This policy presents the principles of good research data management (RDM) within the Royal College of Art (RCA), as well as outlining the roles and responsibilities of the RCA and its staff and students in this respect. Research data is an asset and the RCA recognises its benefit and impact for wider society, the research community, the RCA and its individual researchers. Effective management of research data allows for extension of the value of data beyond the life of any research project, through data openness and sharing, and is an important part of good research conduct. Well managed data leads to higher quality research, increased research visibility and enhanced research collaboration opportunities. RDM is important in light of increasingly collaborative nature of research, where researchers need to share data across platforms and thus need effective systems and processes for storing, accessing and sharing data securely across multi-institutional research teams.",150,5,yes,yes
royal-college-of-art.md-13,royal-college-of-art.md,13,Royal College of Art - Research Data Management Policy > 4. Guiding principles,4.1,"RDM is part of good research practice and as such adds value to research outputs and increases their impact. This policy will guide RCA researchers to undertake best practice in RDM to ensure excellence in research conduct and to comply with funders’ requirements of data management, openness and sharing.",49,2,no,yes
royal-college-of-art.md-14,royal-college-of-art.md,14,Royal College of Art - Research Data Management Policy > 4. Guiding principles,4.2,"This policy’s guiding principles take inspiration from the UK Research and Innovation (UKRI) Common principles on data policy2, and the Concordat on Open Research Data3 which guides the UK research community on best practices in RDM, and on making their data openly available for use wherever possible.

Good research data management is fundamental to all stages of the research process and should be established at the outset. Data with long-term value should be preserved and should remain accessible and usable for future research.

Data from research funded by public funds is a public good and should be made accessible and open, whenever possible. Open research data safeguards efficient and effective research practice,  facilitates high quality research, and drives innovation.

To enable research data to be discoverable and effectively re-used by others, researchers should use the FAIR4 principles for guidance and as far as possible make data Findable, Accessible, Interoperable and Reusable.

There may be ethical, legal and commercial aspects to research, which may hinder the sharing of research data. Researchers should ensure that these are considered at all stages in the research process, to avoid publishing and sharing unsuitable data.

Researchers should acknowledge and properly cite the sources of data they use in their research to recognise the intellectual contribution of their fellow researchers, who generate, preserve and share their datasets.

Researchers that publish data should provide adequate and persistent information for the research data to be cited, to support best research practice.",246,10,yes,yes
sheffield-hallam-university.md-0,sheffield-hallam-university.md,0,Research data management policy > Purpose,,"The University has policies and procedures in place to ensure good research practice and to sustain programmes of excellent and ethical research. Policies are also concerned with research quality promoting the highest standards of integrity, impartiality and respect for data. The University recognises that effective research data management through the research life cycle is a key component of good research conduct and contributes to a culture of research excellence. Research data is a valuable asset and the University supports the principle of open access to research data as set out by the Organisation for Economic Cooperation and Development (OECD) and Research Councils UK (RCUK). Research data refers to any type of data created, collected or generated in a digital or non-digital form that is analysed to produce original research results.

The aims of this policy are to",138,6,yes,yes
sheffield-hallam-university.md-5,sheffield-hallam-university.md,5,Research data management policy > Policy requirements > 3. Archiving,,"3.1. Primary research data produced by University researchers that underpin a publication, which are of potential long-term value and/or support a patent application, must be stored centrally and published when possible to ensure good research practice at the University.",40,2,no,yes
swedish-university-of-agricultural-sciences.md-6,swedish-university-of-agricultural-sciences.md,6,Policy on the management of and open access to research and environmental monitoring and assessment data at SLU > 3. Basic data management principles at SLU,,"SLU endorses the FAIR data sharing principles12 (Findable, Accessible, Interoperable, and Reusable) and considers properly managed, accessible, and reusable data as a valuable and necessary resource for conducting research, teaching and environmental monitoring and assessment of high quality. Data made openly accessible also generates added value in the form of increased utilisation and visibility of SLU's research as well as environmental monitoring and assessment. Good management of data throughout its entire lifecycle13 is a prerequisite for being able to comply with the FAIR data sharing principles to the greatest extent possible.",92,3,yes,yes
technical-university-of-denmark.md-28,technical-university-of-denmark.md,28,DTU’s Research Data Management Policy > 3. Roles and Responsibilities > 3.3  Research leader / Principal investigator (PI) > 3.5 Researchers,e.,"Deciding, unless otherwise regulated, the extent to and duration for which primary materials and data are to be stored/preserved. When deciding this, researchers should consider the value of the primary materials and data for assessing the results of the research.

Planning the appropriate disposal of primary materials and data.",50,3,no,yes
technical-university-vienna.md-1,technical-university-vienna.md,1,Policy for Research Data Management (RDM) at TU Wien > Content > 1 Preamble,,TU Wien recognizes the fundamental importance of research data1  and the management of research data and records in maintaining quality research and scientific integrity and is committed to state-of-the-art handling and management of research data. RDM policies are highly valuable to current and future researchers2.,48,2,yes,yes
technical-university-vienna.md-2,technical-university-vienna.md,2,Policy for Research Data Management (RDM) at TU Wien > Content > 1 Preamble,,"TU Wien acknowledges that correct and easily retrievable research data are the foundation of and integral to research. They are necessary to verify and defend the process and results of research. Research data have a long-term value for research and academia, with the potential for widespread use in society.",50,3,yes,yes
technische-universität-berlin-tu-berlin.md-2,technische-universität-berlin-tu-berlin.md,2,Research Data Policy of the Technische Universität Berlin > Content > 1. Preamble,,"Research data is a valuable resource and a basis for scientific knowledge and has a long-term value for research and science, with the potential for widespread use in society. Research data is all information (regardless of form or representation) that arise during a research process or is its result, including the information necessary to verify and reproduce the results. Research data includes measurement data, lab values, audiovisual information, texts, objects from collections or samples, surveys, and interviews, but also notes, time histories/recordings, calculations, software and code. TU Berlin is aware of the fundamental significance of research data for maintaining the quality of research and scientific integrity and is committed to follow recognized standards that meet the highest requirements. TU Berlin acknowledges that correct and easily retrievable research data is the foundation and integral part of every research activity as it is necessary for the verification and reproducibility of research processes and results.",154,5,yes,yes
the-open-university.md-11,the-open-university.md,11,Policy > 6. Availability of research data,,"Supporting research data must be stored for as long as they continue to be valuable to the researcher and the wider research community, and at least as long as specified by external funders or institutional requirements. This period may be up to ten years, but may vary based on funder requirements.",51,2,no,yes
the-university-of-edinburgh.md-17,the-university-of-edinburgh.md,17,Research Data Management Policy > Rights in research data,,"Written agreements are required when personal data (any information relating to an identified or identifiable natural person) is passed from a data controller to a data processor or another data controller, or to a country not bound by the General Data Protection Regulation or equivalent privacy legislation. Written agreements are also useful when the data being shared although not personal data, are confidential or valuable to the parties involved.  The University’s Research Office can assist with providing templates for both incoming and outgoing research data and the drafting and negotiation of the agreements concerned.19

Exclusive rights to reuse or publish research data must not be passed to commercial publishers or agents without retaining the rights to make the data openly available for reuse, unless this is a condition of funding.",131,4,yes,yes
the-university-of-edinburgh.md-22,the-university-of-edinburgh.md,22,Research Data Management Policy,14,"is a register of repositories to assist in this choice. Considerations for choosing a repository can include funder and publisher requirements, location (and legal jurisdiction), discipline relevance, longevity, price (if applicable), value-added features, user friendliness, scale, and whether the repository has Trusted Digital Repository standard certification, such as the Core Trust Seal.

Edinburgh DataShare,   holds over 3,000 datasets across University research communities managed by Information Services’ Research Data Service.

Edinburgh Research Explorer (Pure) is a publicly searchable database which can hold dataset records which link to University people, projects, and research outputs (papers):

Records Management has information on the University’s compliance with information legislation:",105,5,no,no
the-university-of-exeter.md-4,the-university-of-exeter.md,4,Open Access Research and Research Data Management Policy > Context > The University of Exeter’s preferred means for sharing research freely and openly is through self- archiving (the so-called “green” route to Open Access) via the institutional repository (Open Research Exeter – ORE).,,"Research data are a valuable asset. It is the collaborative responsibility of researchers and the institution that they are appropriately managed and stored both during and after the research process: to meet legislative, funder, information governance and University requirements; to facilitate data security (confidentiality, integrity, availability); to facilitate appropriate access, collaboration and sharing of data and results.  Good research data management brings benefits to the researcher, the University and the wider community. Examples of such benefits include ensuring that research data is stored safely thus avoiding data loss, the possibility of validating research findings and the ability to reuse and share data sets.

The following policy sets out the University’s expectations on Open Access and research data management.",119,5,yes,yes
the-university-of-exeter.md-8,the-university-of-exeter.md,8,Policy > Research data management,,"14. Researchers are expected to abide by the principles of information governance and to undertake training where required. Researchers are responsible for compliance with the requirements of the Data Protection Act 1998 and for the creation of metadata and other documentation that enables data to be discoverable, understandable and re-useable.
15. RCUK accept that research data management is a valid cost for research proposals. Principal Investigators should ensure that research data management requirements are costed into research proposals for all RCUK proposals and for other funders where allowable.
16. To allow for institutional planning on infrastructure and research support, and the validation of existence of appropriate plans to support monitoring of compliance with funder requirements, all research proposals must include research data management plans that address the capture, management, integrity, confidentiality, security, selection, preservation and disposal, commercialisation, costs, sharing and publication of research data and the production of descriptive metadata to aid discovery and re-use when relevant. These should be stored in a sensible and accessible location, ideally alongside other project documentation.
17. Data should be actively managed by researchers throughout the project, by following and updating the data management plan with ongoing decisions regarding retention and destruction.
18. When research is complete, researchers are responsible for ensuring that research data (including websites) of long term value, or data required by funders or the University, are considered for retention, preservation and curation by offering such data for assessment, deposit and preservation in an appropriate University, national or international data service or domain repository, unless specified otherwise in the data management plan.
19. The University is responsible for ensuring safe storage of this data and is responsible for curation of this data in particular instances (i.e. health/social care research and clinical trials) where the University is sponsoring a study and agrees to take responsibility for archiving data.
20. All research data selected for retention should be registered with the University’s data repository, even if the data is retained in a national or international data service or domain repository or if the data is not suitable for publishing on Open Access.
21. Data selected for retention should not be deposited with any organisation that does not commit to its access and availability for re-use, unless this is a condition of funding or would prevent commercial interests.
22. After the deposit of data with a repository, the repository is responsible for the on-going management of that data in accordance with legal, technical and other requirements. However, researchers should ensure that they are satisfied with the sustainability of the repository.

23. The University is responsible for the provision of sustainable, secure solutions that meet the requirements for long term data storage, discovery and re-use as set out in these principles.

Authors are encouraged to consider the discount publishing and subscription off-set arrangements in place via the Library which enable gold Open Access publishing at no cost to the researcher.",483,26,yes,yes
the-university-of-manchester.md-0,the-university-of-manchester.md,0,1. Introduction and purpose,,"The University of Manchester recognizes the fundamental importance of research data and the management of related administrative records in maintaining quality research and research integrity and is committed to pursuing the highest standards. The University acknowledges that correct and easily retrievable research data are the foundation of and integral to every research study. They are necessary for the verification and defence of research processes and results. Research data have a long-term value for research and academia, with the potential for widespread use in society.

The University endorses the Research Council Common Principles on Data Policy and requires all its researchers to adhere to them, as well as taking into account any other research data management requirements that may apply.

The purpose of this Policy is to provide guidance and support on the responsibilities of the University and its researchers in managing and preserving current or future research data.

This Policy applies to:

all research, regardless of whether or not the research is externally funded, and is subject to the provisions of any relevant contracts including funding/collaboration agreements; and all researchers active at The University of Manchester.

Research is any creative and systematically performed work with the goal of furthering knowledge, including discoveries regarding people, culture and society, in addition to the use of such knowledge for new applications.",220,9,yes,yes
the-university-of-northampton.md-15,the-university-of-northampton.md,15,Research Data Management Policy > 4.0 POLICY STATEMENT > 4.2 Research data management procedure,4.2,"Written agreements are required when personal data (any information relating to an identified or identifiable natural person) is passed from a data controller to a data processor or another data controller, or to a country not bound by the General Data Protection Regulation or equivalent privacy legislation. Written agreements are also useful when the data being shared although not personal data, are confidential or valuable to the parties involved.

Exclusive rights to reuse or publish research data must not be passed to commercial publishers or agents without retaining the rights to make the data openly available for reuse unless this is a condition of funding.",105,3,yes,yes
tilburg-university.md-0,tilburg-university.md,0,Research Data Management Regulation > Introduction,,"Research data are of great value to Tilburg University and should be managed in a responsible manner. Responsible research data management is essential, from the principles of ‘scrupulousness and transparency’ as stated in ‘The Netherlands Code of Conduct for Research Integrity’. Furthermore, it is in line with the conditions of national and European research funders to stimulate open science and reuse of research data.",64,3,yes,yes
tilburg-university.md-28,tilburg-university.md,28,"10. Entry into force and period of validity > 3. Rules and Agreements on Storage, Access, and Archiving > Access > Completed research",,"If an external party outside the regular scientific process submits a request for access to research data, the researcher can contact the Research Data Office for legal advice. This is to prevent that datasets are provided in violation of the rights of third parties. Conditions may be attached to the consent.

Before the researcher decides to file his/her dataset publicly, he/she will also consider whether the dataset may have commercial value. If so, the researcher may decide to file the dataset with restricted/monitored access.

The following points can be included in the School’s operating procedure/policy:",100,6,yes,yes
ucl.md-2,ucl.md,2,UCL Research Data & Network Services UCL Research Data Policy > Contents > 1. Policy Background,,"UCL recognises that appropriate management of research data leads to an enhanced research practice respecting specialist knowledge, supporting synthesis of new knowledge and facilitating collective and collaborative working practices in order to gain wisdom1.  UCL considers the research data generated by its members as a valuable research output, an asset to the institution and a critical contribution to the knowledge economy2",61,2,yes,yes
ucl.md-5,ucl.md,5,UCL Research Data & Network Services UCL Research Data Policy > Contents > 2. Policy Statements,,"1. It is the policy of UCL that its members can fulfil the requirements of good research practice by enabling them to manage research data in a manner that maximises data impact and acknowledges data value as primary research output by its members.
2. It is the policy of UCL that responsibility for managing and preserving research data is shared between all members of the College.
3. It is the policy of UCL that following primary use (e.g. publication) or when research data is archived for long term preservation, these data will be made available in the most open manner appropriate. Unless covered by third party contractual agreements, legislative obligations3 or provisions regarding ownership, UCL research data will be provided using a Creative Commons CC0 waiver ; supported by data citation guidelines

similar to existing publishing conventions.  This will ensure that re-used data are unambiguously identifiable and that appropriate credit and attribution is made.

4. It is the policy of UCL that clear lines of responsibility are established so that research data generated at UCL will always have an owner, responsible for preserving research data.

In complying with this policy, UCL researchers will comply with all national and many international policies and requirements from funders of academic research5.

Data Creators (students, supervisors and Researchers)
UCL Research Data and Network Services Executive
Director of UCL Library Services and UCL Records Manager
RIISG
Vice Provost (Research)
Provost",232,19,yes,yes
ulster-university.md-1,ulster-university.md,1,Research and Impact > ULSTER UNIVERSITY > Research Data Management Policy,,"Ulster University recognises that research data created, collected, generated or otherwise produced during the research process are a key asset that will continue to have value for the creator, institution, and research community as a whole.  As an institution, Ulster University supports the principle of open access to publicly funded research outputs.  Research data generated at the University is recognised as an institutional asset that when shared openly not only increases the visibility of Ulster University’s research but also facilitates public engagement and creates new opportunities for knowledge exchange and collaboration.

The University operates in an increasingly complex, data-oriented, environment which requires effective collection and management of, and open access  to, research data:

to comply with the requirements of funding bodies
to underpin research excellence and academic integrity
to increase impact
to validate research results
to enable re-use in the interests of follow-up studies and the creation of new knowledge.

To this end, the University has developed a Research Data Management (RDM) Policy which aims to:",170,10,no,yes
universite-libre-de-bruxelles.md-3,universite-libre-de-bruxelles.md,3,ULB Institutional policy on Research Data Management > Definitions,,"Curated Data: Collected data that are organised and integrated from various sources. It involves data that are annotated, published and presented such that the value of the data is maintained over time, and the data remains available for reuse and preservation.

Data Management Plan: A living document describing how data will be generated, handled, stored, used, disseminated and archived following the FAIR principles.

Data Repository: See Archive.

Encryption: Process of converting information or data into a cipher or code.",79,5,yes,yes
universite-libre-de-bruxelles.md-20,universite-libre-de-bruxelles.md,20,ULB Institutional policy on Research Data Management > Researchers’ commitments > 5. Data retention,,"Data retention primarily concerns all Research Data and accompanying documentation which are reasonably required or appropriate to verify (and reproduce) the scientific claims communicated by the Researcher. The degree of processing of the Research Data which are to be retained will partly depend on the type of research, the kind of Research Data, and/or possible practical considerations. It can also be relevant to retain Research Data with potential value for reuse.

5.2. Research Data and accompanying documentation which were selected for retention should be deposited in a reliable Archive or Data Repository in accordance with the institutional Guidelines to ensure secure, long-term retention and accessibility (with appropriate access rights).",110,5,yes,yes
university-college-dublin.md-1,university-college-dublin.md,1,Research Data Management – UCD Policy > 1. Purpose,,"University College Dublin recognises that the management of research data is fundamental to both high quality research and academic integrity. Accurate and retrievable research data is an essential component of any research project and is necessary to verify and defend the process and outcomes of research.

Research data is valuable to researchers for the duration of their research, and may well have longterm value for research, teaching and for wider exploitation for the public good by individuals, government, business and other organisations.",82,3,yes,yes
university-college-dublin.md-6,university-college-dublin.md,6,Research Data Management – UCD Policy > 4. Principles,,"(1) The University promotes best practice for research data management through clear policy, guidance, supervision, training and support.
(2) Researchers, service providers and, where appropriate, research sponsors and external collaborators should work in partnership to implement good practice.
(3) Research data will be managed by Researchers to the highest standards throughout the research data lifecycle as part of the University’s commitment to research excellence.
(4) Research data should be compliant to the principles of FAIR data (Findable, Accessible, Interoperable, Re-Useable): Findable: Identifiable, retrievable, and available when needed; Accessible: Able to be made available to others in line with appropriate legal, statutory (including data protection regulations), ethical, contractual, intellectual property, data sharing and open access principles in a suitable repository or archiving system with persistent identifiers. Interoperable: Should be accurate, complete, authentic and reliable, and where possible made available in non-proprietary formats that facilitate data exchange and re-use; Re-Useable: Assigned a licence for open use where possible in compliance with intellectual property rights, and if no third-party rights, data protection, legal requirements or property laws prohibit it.
(5) Research data should be kept in a manner that is compliant with legal and ethical obligations and, where applicable, the requirements of funding bodies, publishers and protocols set out in the National Policy Statement on Ensuring Research Integrity in Ireland.
(6) Research data should be retained in a secure environment for as long as it is of continuing value to the researcher and the wider research community, and as long as specified by research funder, publisher, patent law, legislative and other regulatory requirements. The normal minimum retention period for research data is ten years after publication or public release of the work of the research. (Longer periods apply in certain cases, such as in relation to historical data.) If data includes personal or sensitive information, informants must be informed of the data retention policy at the time data is collected, in compliance with data protection regulations.",323,9,yes,yes
university-of-aberdeen.md-7,university-of-aberdeen.md,7,University of Aberdeen Research Data Management Policy Supporting Researcher-Centred Data Management at the University of Aberdeen > Roles and Responsibilities > Deposit and Publication,,"7. Research data should be published/made publicly accessible as soon as possible, and typically on publication of the results.  Embargo periods are acceptable and should take account of funders’ requirements, disciplinary practice, and commercial value.  It is the responsibility of the Principal Investigator or successor data owner to adhere to funder requirements for data publishing and, where necessary, to negotiate an extension to restrictions on placing data in the public domain.",71,4,no,yes
university-of-abertay-dundee.md-2,university-of-abertay-dundee.md,2,Executive Summary,,"1. This policy is binding on all University members engaged in research, including staff and PGR students, but does not apply to postgraduate taught and undergraduate students, except where there is a reasonable prospect that their research findings are/will be included in published research outputs.
2. Before a project begins, a research Data Management Plan (DMP) must be completed.
3. Data collected during a project must be stored on the University network, to ensure it is suitably protected against accidental loss or damage and against unauthorised access.
4. Data with acknowledged long-term value must be preserved and also made openly accessible with as few restrictions as possible unless there are compelling reasons not to be so.
5. A metadata record describing retained data must be made publically available via Pure, within 12 months of the data being generated, even if access to the final dataset(s) itself is restricted.
6. Research publications must include a data access statement.
7. In line with UKRI policies, researchers are entitled to a limited period of privileged access to the data they collect to allow them to work on and publish their results.
8. Data that cannot be digitised must also be registered in Pure, stored securely and organised in a manner that would facilitate it being shared in the event of a valid request for access being received.
9. Use of others’ data should always conform to legal, ethical and regulatory frameworks including appropriate acknowledgement.
10. Data must always be managed, throughout its lifecycle, in compliance with all relevant legal, ethical, and regulatory frameworks, and in the case of personal information, the provisions of legislation and University policy relating to GDPR.",269,20,yes,yes
university-of-abertay-dundee.md-6,university-of-abertay-dundee.md,6,Executive Summary > Research Data Management Policy > Implementation,,"The University expects all research data with potential long-term value will eventually be managed to the same standards, but recognises that extending the scope of this policy beyond those engaged in funded research will be a longer-term endeavour.

In light of the pace of change in this field, this policy will be reviewed 12-months from the date of approval.",61,2,yes,yes
university-of-abertay-dundee.md-7,university-of-abertay-dundee.md,7,Executive Summary > Research Data Management Policy > Principles,,"1. Good data management is fundamental to all stages of the research process and the highest standards must be applied throughout the data lifecycle, from creation to preservation or disposal.
2. Data with acknowledged long-term value should be preserved and be made discoverable and openly available with as few restrictions as possible in a timely and responsible manner.
3. Open access will not be possible in cases where there are justified and justifiable legal, ethical and commercial constraints on data release.
4. Conditions of grant from individual funding bodies with specific guidelines and obligations will take precedence in the event of any uncertainty on a project’s data management requirements.
5. The researchers’ entitlement to be the first to publish based on data they have generated will b preserved.",125,10,yes,yes
university-of-abertay-dundee.md-11,university-of-abertay-dundee.md,11,Abertay University > Research Data Management Policy,,"5. For datasets generated by simulation only the source code used to generate that data should be stored on the RDSS.
6. Before staff leave the university data of long-term value produced using University resources must remain accessible to the University.
7. Data containing personal information must be managed in accordance with the requirements of GDPR legislation and the document “Complying with GDPR at Abertay: Research Policy”. The key points relating to management of personal data have been reproduced in the Appendix.",80,7,yes,yes
university-of-abertay-dundee.md-12,university-of-abertay-dundee.md,12,"Abertay University > Research Data Management Policy > After a project, data with acknowledged long-term value must be preserved and made openly accessible, with as few restrictions as possible unless there are compelling reasons not to be so",,"1. At the completion of a project, the project lead must assess what data are of long-term value, and whether the data can be made openly available in a manner consistent with relevant legal, ethical and regulatory frameworks.
2. If research data are to be deleted or destroyed, this should be done in accordance with all legal, ethical and funder requirements and with particular concern for confidentiality and security.
3. Retained data suitable for external access should, where possible, be stored on a suitable national or international data service or subject domain repository (which may be specified by the funder).
4. If the funder does not specify a repository for data storage, and no suitable publisher, or discipline-specific archive is available, the University will provide a storage solution for long-term preservation and, if applicable, public access.
5. Data that supports published results must be preserved for 10 years from the date of publication of the findings, or longer if required by the funder.
6. Data that supports published results must be deposited no later than publication of the findings. Where the funder requires an earlier deposit, the timeframes specified by the funder take precedence.
7. In the case of research involving personal information, only anonymised data may be included in an open access dataset.

1. A central catalogue of all preserved data will be published via Pure within 12 months of the data being generated (irrespective of where the data is hosted or whether it is publically accessible).

2. Metadata and documentation about research data should provide sufficient contextual information to enable the data to be discovered, accessed3, understood, interpreted and reused by future users.

3. If access to the data is restricted, the published metadata should provide the reasons for the restrictions and summarise the conditions that must be satisfied for access to be granted.

1. A short statement must be added to research publications giving details of how data supporting the published results may be accessed (or explaining why access is restricted), along with an acknowledgment of any relevant funding body.

2. Metadata supporting publications should be accessible by the publication date and should be in citable form.",349,25,yes,yes
university-of-bradford.md-2,university-of-bradford.md,2,Policy > 1 Introduction,,"1.1. High quality data management and storage is the cornerstone of excellent research and a key aspect of responsible research conduct. The University of Bradford recognises that research data is a valuable institutional asset and should be managed in line with the UKRI’s Common Principles on Research Data.

1.2. Most research funders, including all research councils under the auspices of UKRI, Wellcome and charity funders have data management and sharing policies, and Data Management Plans (DMPs) are now a key part of most funding applications.",84,5,yes,yes
university-of-bradford.md-8,university-of-bradford.md,8,Policy > 1 Introduction,2.5,"collected by researchers in the course of their work by experimentation, observation, modelling, interview or other methods, or information derived from existing evidence. Research data may take the form of numbers, symbols, text, images or sounds, including computer code, annotated fieldwork observations, or a descriptive record of a physical sample.

Research Data Management: Research data management is an explicit process covering the creation and stewardship of research data and materials to enable their use for as long as they retain value2

Principal Investigator (PI): A principal investigator is usually a member of academic staff responsible for the administration and conduct of a research project.",104,4,no,yes
university-of-bradford.md-12,university-of-bradford.md,12,Policy > 4 Responsibilities > 4.3 The University,,"4.3.1. Providing researchers at all levels of seniority with training, support, advice, and guidance on research data management.
4.3.2. Raising awareness of best practice in research data management in terms of legal, ethical and professional requirements review and maintain policies and procedures that are current and fit for purpose.
4.3.3. Providing infrastructure for data management and curation.
4.3.4. Fostering an environment where everyone is trained in data security where individuals understand their responsibilities to identify, report and manage security-related risks in line with the Research Data Management IT Security Guidance.

The University is committed to the implementation of this policy in accordance with the University values which are:",105,9,no,no
university-of-bradford.md-13,university-of-bradford.md,13,Policy > 5 General Principles > 5.1 Values,,"Excellence - excellence is at the heart of everything we do.
Inclusion - diversity is a source of strength and must be understood, valued, supported and leveraged.
Innovation – we given invention light and celebrate creativity and innovation.
Trust – trust is the foundation of our relationships, underpinned by integrity in all we do.",50,4,no,no
university-of-cambridge.md-1,university-of-cambridge.md,1,University of Cambridge Research Data Management Policy Framework,,"The purpose of this policy framework is to provide guidance to research staff and students as to how they should manage and share the research data they produce in order to maximise the potential for research produced by the University of Cambridge in support of the University’s core values and missions. This policy framework is intended for researchers, research students and anyone who supports research at the University of Cambridge.",71,2,yes,yes
university-of-cambridge.md-15,university-of-cambridge.md,15,University of Cambridge Research Data Management Policy Framework > ACTIVE DATA MANAGEMENT,,"33. Ensuring that research data records are retained in appropriate repositories (discipline-based or institutional) for as long as the data are valuable to the data creator or to others, or for as long as is required by the funder or by other regulatory requirements. If data is not publicly shared, researchers should ensure it is kept safely in line with funder retention policies and to ensure the data can be produced to demonstrate research integrity if needed. Research records that do not fall under the category of research data should be handled in line with funder policies and the University Statement of Records Management Practice and Master Records Retention Schedule (Section 4). Where records are no longer required for research or funder requirements, they can be referred to the University Archives for consideration to be added to the collections, for use by other researchers in the future.

34. When depositing research data into external data repositories, considering data repositories which support Open Researcher and Contributor ID (ORCID), funder IDs and grant IDs.

35. Storing publicly-funded research data that is not generated in a digital format in a manner to facilitate it being shared.

36. Upholding the University principles in rigorous, reproducible research that is persistently available by using, wherever possible, open source formats for files and file type recommended for long term preservation.

Advice, guidance and training to meet the expectations set out in this framework are available through the University’s Research Data Service and with the support of local Research Data Champions in faculties and departments.

1. Definition taken from UK Concordat on Open Data

2. Definition taken from Cambridge University Libraries Digital Preservation Policy",272,16,yes,yes
university-of-central-lancashire.md-14,university-of-central-lancashire.md,14,University of Central Lancashire Research Data Management Policy > University of Central Lancashire UCLan > 6.3 Intellectual Property Rights,,Ownership of intellectual property (IP) created by UCLan staff is outlined in the University Policy on Intellectual Property (Section 3). IP which has potential exploitation (commercial and non-commercial)  or publicity value or could otherwise enhance the reputation of UCLan should be identified and disclosed to the University at the earliest opportunity.  The associated data may need to be withheld for a limited period of time (see point 6) to protect IP that would otherwise be compromised.,75,3,no,yes
university-of-cumbria.md-0,university-of-cumbria.md,0,Research Data Management (RDM) - Principles of Good Practice,,"These principles apply to research data generated by University of Cumbria academic staff and researchers. They do not apply at this stage to post graduate students. The area is fast moving; the principles are based on sector guidance.

The university supports the sharing of research data as openly as possible (subject to not harming university’s intellectual property, and/or commercial rights including those of a third party).

Research data is valuable and needs managing alongside your research methodology.

RDM requirements are fundamental in future plans for the Research Excellence Framework, (REF), open access, and external funding criteria.",98,6,yes,yes
university-of-dundee.md-1,university-of-dundee.md,1,Overview,,"The purpose of this policy is to establish a set of principles to govern the management of data arising from the research activities of the University (“Research Data”1). This policy is intended to cover active Research Data sets that are of potential current or future interest or value to the field. It will not apply where there are legitimate legal, ethical and/or commercial constraints on data use.",68,3,yes,yes
university-of-dundee.md-29,university-of-dundee.md,29,Appendix 1: Formal Policy Guidance Notes for the Management of Research Data > 4. Procedures > 4.3. Archiving data > 4.3.1. Appraisal of data,,"Research data should be preserved for as long as it is of continuing value to the researcher, the wider research team/community and in line with known legal and regulatory obligations. As stated in the PGMRD 2.7, research sponsors may specify requirements for retention of specific categories of records.

For an overview of funders policies see   Clarification of funder policy and support with compliance is provided by LLC Research Services, contact discovery@dundee.ac.uk.",74,3,no,yes
university-of-dundee.md-31,university-of-dundee.md,31,Appendix 1: Formal Policy Guidance Notes for the Management of Research Data > 4. Procedures > 4.3. Archiving data > 4.3.2. Data that is to be destroyed,,"Research data should be destroyed when judged to be of no further value or when retention periods described in the Data Management Plan expire. Destruction should be authorised by staff with appropriate authority, such as the PI or their designated administrator and should be carried out in accordance with the University’s Guidance on the proper disposal of information.

PIs who are leaving the institution and are transferring an ongoing project must notify the LLC and provide authorisation for destruction of the data at Dundee following completion of the transfer.",90,3,no,no
university-of-dundee.md-46,university-of-dundee.md,46,Appendix 2: Formal Policy Guidance Notes for the Management of Undergraduate Research Data > 5. Procedures > 5.3. Completion of studies > 5.3.4. Reuse of data,,It may be useful to keep research data beyond a year – where they are of continuing valuento the supervisor. If a supervisor decides to retain the data beyond a year then it is considered Research Data (rather than student data) and is governed as such by PGMRD and the Formal Policy Guidance Notes for the Management of Research Data.,59,2,no,yes
university-of-dundee.md-48,university-of-dundee.md,48,Appendix 2: Formal Policy Guidance Notes for the Management of Undergraduate Research Data > 5. Procedures > 5.4. Data that is to be destroyed,,"When judged to be of no further value or when the 12 month retention period described expires research data should be destroyed. Destruction should be authorised by staff with appropriate authority, such as the supervisor or their designated administrator and should be carried out in accordance with the University’s Guidance on the proper disposal of information.

Supervisors who are leaving the institution and are transferring an ongoing project must notify the School and provide authorisation for destruction of undergraduate student research data at Dundee following completion of the transfer.

Further guidance on data destruction methods can be obtained from the University Records Management webpages",104,4,no,no
university-of-east-anglia.md-2,university-of-east-anglia.md,2,Research Data Management Policy > Contents > Introduction,,"The University of East Anglia recognises Research Data as a valuable institutional asset to be managed in line with UKRI Common Principles on Research Data (  In addition, the University acknowledges the role that good Research Data management can play in supporting the University’s research vision to ensure that our research has the highest possible global influence through a dissemination strategy that maximises impact and that ensures effective communication of our research.

The purpose of this Policy is to ensure that Researchers and support staff:",85,2,yes,yes
university-of-east-anglia.md-5,university-of-east-anglia.md,5,Research Data Management Policy > Scope > Definitions,,"Research Data  There is no single definition of what constitutes Research Data. For the purposes of the University’s Research Data Management Policy and the associated Procedures and Guidelines, the following definition, from the Concordat on Open Research Data3, provides an indication of the scope: “Research data are the evidence that underpins the answer to the research question, and can be used to validate findings regardless of its form (e.g. print, digital, or physical). These might be quantitative information or qualitative statements collected by researchers in the course of their work by experimentation, observation, modelling, interview or other methods, or information derived from existing evidence. Data may be raw or primary (e.g. direct from measurement or collection) or derived from primary data for subsequent analysis or interpretation (e.g. cleaned up or as an extract from a larger data set), or derived from existing sources where the rights may be held by others. Data may be defined as ‘relational’ or ‘functional’ components of research, thus signalling that their identification and value lies in whether and how researchers use them as evidence for claims.”",185,8,yes,yes
university-of-east-anglia.md-8,university-of-east-anglia.md,8,Research Data Management Policy > Principles,,"1. Publicly funded Research Data are a public good and should be made openly available wherever possible. 2. Research Data include both digital and non-digital forms and the definition of Research Data shall be guided by that widely accepted within the relevant discipline of the research. 3. Overall responsibility for Research Data Management at UEA rests with Research Executive. Every project must have a named Researcher responsible for data management. Researchers who are students shall seek advice about management and preservation of their research data from their supervisor(s), course/module director. All Researchers have a responsibility to familiarise themselves with this policy and the associated guidance. 4. UEA shall provide advice and support to Researchers in planning and managing their Research Data through the provision of training, guidance, good practice documentation and expert advice. 5. Best practice for the management of Research Data starts at the earliest stage of planning a research project and should cover all stages of the Research Data lifecycle, normally through the creation of a Data Management Plan which should be updated as necessary over the course of the research project. This should cover the requirements of working across various locations where necessary. 6. Researchers shall include a short statement within a research output describing how and on what terms supporting Research Data can be accessed. 7. Research Data that are made available shall be as comprehensive as possible and have clear instructions for use, including Metadata that facilitates discovery and reuse. 8. Research Data should be kept and remain available for access for at least 10 years following any publication, except when special circumstances apply. Metadata should be kept indefinitely. Any additional documents required to enable sharing or reuse, or to meet legal or ethical obligations should also be retained for as long as is necessary to ensure continuing access of Research Data. In the case of undergraduate research projects, this requirement may be waived, where student and supervisor(s) or course/module director agree that this is not appropriate for that research project. This decision should be documented. 9. A Researcher should use an appropriate external repository or data centre which will archive and preserve Research Data, e.g. national, disciplinary or funder archive. Alternatively, if no such repository or data centre is available, Researchers should use a central repository provided by UEA. Where the data are held externally, UEA will have a Metadata record for the data, including a link to the holding repository. There is no need to duplicate data in a central UEA repository if is held in another repository or archive. 10. Where the transfer of Research Data between organisations is required, it should be straightforward (e.g. research collaborations, Researchers moving between HEIs) but also secure and managed (i.e. not on an exclusive basis unless that is a condition of funding), and accompanied by appropriate documentation (eg data sharing agreements). Where the Research Data have an assessed commercial value then additional steps will need to be followed before Research Data can be transferred. 11.

Any destruction of Research Data shall be in accordance with the terms of this Policy, the retention period set out in the Data Management Plan and any legal and funder requirements, whichever is the most stringent.",532,37,yes,yes
university-of-essex.md-11,university-of-essex.md,11,Research Data Management Policy > Access and sharing,,"14. Written agreements are required when personal data (any information relating to an identified or identifiable natural person) is passed from a data controller to a data processor or another data controller, or to a country not bound by the General Data Protection Regulation or equivalent privacy legislation. Written agreements are also useful when the data being shared although not personal data, are confidential or valuable to the parties involved.  The University’s Research and Enterprise Office can assist with providing templates for both incoming and outgoing research data and the drafting and negotiation of the agreements concerned. Exclusive rights to reuse or publish research data should not be transferred to commercial publishers or agents without retaining the nonexclusive rights to make the data openly available for re-use unless this is a condition of funding.

15. The Research Committee and the DITS Cyber Security Programme Board is responsible for reviewing and updating this policy on behalf of Senate.

Research Governance
Policies on research integrity and good research conduct
Sharing Research data
Research data management plans
Data Protection and Research
Research Privacy Notice

This policy is based, with permission, on the policy Adopted by the University of Edinburgh under a Creative Commons Attribution 4.0 International Licence.",203,14,yes,yes
university-of-greenwich.md-12,university-of-greenwich.md,12,University of Greenwich Statement on Scholarly Communication > Research Data Policy,,"Data should be retained for a minimum of 10 years from the end of the project, or from publication of an output relating to the research, whichever comes first. Where funder or other legal requirements specify a longer retention period, this should be observed.

Research data that must be retained after project completion include:

Data that support research findings3,

Data that are of potential long-term value,

Data that support patent applications

Data which are subject to other legal requirements for data retention.",82,7,yes,yes
university-of-helsinki.md-22,university-of-helsinki.md,22,University of Helsinki Research Data Policy > Contents > 2. Principles and goals for research data management > 2.5 Commercialisation of research data,,"In the case of commercially valuable data, measures must be taken to ensure that their use does not endanger commercialisation. For example, research results must be published in compliance with terms and conditions set on confidentiality by the funder as well as the University’s guidelines for commercialisation. In the case of research that generates commercially valuable research data, the University provides researchers with support and a streamlined service process.",70,3,yes,yes
university-of-helsinki.md-23,university-of-helsinki.md,23,University of Helsinki Research Data Policy > Contents > 2. Principles and goals for research data management > 2.6. Destruction or long-term preservation of research data,,"The part of research data that is valuable in the long term and that will be preserved, as well as the part that will be destroyed at the end must be specified during research projects. Research data that have become useless will be destroyed after the required storage period. Research data that contain sensitive data will be destroyed with particular care. The University has a process for the curation and transfer to long-term digital preservation of valuable research data (for the definition of ‘long-term preservation’, see the glossary).",90,4,yes,yes
university-of-helsinki.md-32,university-of-helsinki.md,32,University of Helsinki Research Data Policy > Contents > 4. Glossary > Long-term preservation,,"The preservation of digital data in understandable and usable form for dozens or even hundreds of years. Long-term preservation is designed for valuable research data. The goal of long-term preservation is to ensure the accessibility, authenticity, understandability and completeness of digital objects, also regardless of the eventual obsolescence of or changes to hardware, software and file formats. Long-term preservation ensures the long-term availability of research data.",70,4,yes,yes
university-of-hertfordshire.md-5,university-of-hertfordshire.md,5,4 Policy > (Notes for guidance:,,"o These data include, but are not limited to, data relating to management and administration and to the conduct of the University’s business.
o Although responsibility for research data may be vested elsewhere, it should be noted that this policy and the principles and standards that it defines also apply to the management and use of research data (see section 7).)

The University recognises the value of data as an institutional resource and considers that value to be increased through the widespread and appropriate use of data and by virtue of data quality.

The University considers the value of data to be diminished through misuse, misinterpretation or unnecessary access restrictions.

Access to data will be granted to Data Users for all legitimate University purposes, subject to any limited access restrictions that may be determined from time-to-time at the absolute discretion of the University.

Data access is determined on behalf of the University by the Chief Information Officer.)

The University is committed to the Data Management Standards set out in section 5 of this document.

The University categorises and determines data access as follows:

‘Internal’

Data categorised as ‘Internal’ may be accessed by all Data Users, without restriction.

‘Internal’ is the default category for all data.)

‘Confidential’ or ‘Highly Confidential’",210,12,yes,yes
university-of-hertfordshire.md-12,university-of-hertfordshire.md,12,6 Data Management Framework > 6.5 Information Asset Owners,6.5.1,"a the management of the assigned institutional data;
b co-ordination of the associated Data Experts;
c the collection and updating of the assigned institutional data;
d recommending changes to institutional data management policy and procedures;
e data quality;
f the implementation of Data Management Standards and procedures;
g the promotion of the management of University data as a vital corporate resource;
h understanding and promotion of the value of data for University-wide purposes and facilitation of data sharing and integration;
i authorisation and management of any third party use of the data in accordance with University policies and processes;
j liaison with other Information Asset Owners as required;
k advising and reporting on data management issues to the Chief Informatio Officer.

Data Experts are responsible for and accountable to the relevant Information Asset Owner for:",137,12,yes,yes
university-of-huddersfield.md-0,university-of-huddersfield.md,0,RESEARCH DATA MANAGEMENT POLICY > 1. Introduction > 1.1 Statement of intent,1.1.1,"The University of Huddersfield’s academic community produces large volumes of research data, and wishes to ensure the widest possible access to its world-class research. The value and utility of research outputs increases the more broadly they are available to be considered and used by others, including scholars, businesses and charities around the globe, as well as society in general. Open Data and shared research data will also help to highlight the excellence of its research. It will attract scholars and students, foster collaboration, and enhance public engagement with research, as well as maximise the intellectual, social, cultural and economic impact of research.",104,4,no,yes
university-of-huddersfield.md-10,university-of-huddersfield.md,10,RESEARCH DATA MANAGEMENT POLICY > 3. Responsibilities of the researcher,3.5,"Researchers will preserve and provide appropriate access to their research data supporting outputs after the end of their project for as long as it has continuing value, in accordance with legal and funder requirements and paying due regard to discipline norms and cost. Notwithstanding, the minimum retention period for research data and records is ten years after publication or public release of the work of the research. School Research Ethics Committees can consider and approve proposals from PIs to retain data for shorter periods of time where reasoned arguments are provided e.g. where individuals participating in the research may be put at significant risk of identification.",107,4,no,yes
university-of-hull.md-3,university-of-hull.md,3,Research Data Management and Sharing Policy 2023 > Background,,"1. The University of Hull is committed to the delivery of high-quality research and both requires and fosters the practice of research to high standards across all disciplines.  The University has laid out its expectations in the Statement on Research Integrity (2023), Code of Good Research Practice (2023), and Research Ethics Policy (2023).
2. A key element of this delivery is the dissemination of the outputs from research to communicate the research findings to the widest possible audience and achieve a broad societal impact.  This dissemination recognises that the outputs from research are valuable assets meriting curation to support ongoing access and are a major component of the knowledge legacy generated by the University.
3. Whilst acknowledging the primary focus of attention on publications as outputs from research, the University also recognises the intrinsic value of data generated through research.  Research data underpin the research process and provide the core basis of the research analysis that feeds into publications and other dissemination activity.
4. The effective management of research data contributes to research integrity by ensuring that the analysis disseminated through research outputs has a sound basis.  It also contributes to a culture of honesty and accuracy in research practice and underpins research reproducibility by facilitating transparency in research practice.",204,12,yes,yes
university-of-hull.md-7,university-of-hull.md,7,Research Data Management and Sharing Policy 2023 > Definitions,,"13. Data management plan – A data management plan (DMP) is a document that records intentions to gather, store, manage, disseminate and preserve research data.  A DMP provides a methodology for working with data through a research process, and as a checklist to ensure the maintenance and development of good practice over time.

14. Data curation – Data curation involves the active management of research data to maintain, preserve and add value to the data throughout its lifetime.

15. Data catalogue – A data catalogue is a record of the existence of datasets, with each being described using a metadata record (which may be brief or detailed according to the complexity of the data).",108,7,yes,yes
university-of-hull.md-13,university-of-hull.md,13,Research Data Management and Sharing Policy 2023 > Sharing data,,"31. In keeping with the value inherent in open access to research outputs, publishing data with an open licence is an aim for all research at the University.  This policy recognises that there are occasionally valid reasons why data cannot be made open, and these reasons must be recorded as part of the data catalogue record.  Licence choice must take account of associated funder requirements.
32. Researchers involved in the creation of the data have the right to exploit the data for an agreed period prior to sharing it (see Principle #4 in the Concordat on Open Research Data and Point 5 in the UKRI Common Principles on Data Policy).  Guidance from funders and/or subject communities should be followed on the length of such a period: where no such guidance is available a locally agreed time limit that takes account of disciplinary practice will be applied.
33. When data is being shared it must have an extended metadata record describing what the dataset contains to facilitate access and use.  Additional data documentation should be provided where appropriate to facilitate utilization of the data.
34. Where research data is referenced in publications, a data access statement must be included.
35. Where research data is sourced externally and used within research at the University, it must be appropriately referenced as an acknowledged source in any publications arising from the research.  Research data generated at the University must be citeable by others using the metadata in the CRIS record (see paragraphs 30/31): this metadata must include the DOI or other appropriate persistent identifier assigned to aid discovery.
36. Research data can be shared through an appropriate data repository, which may be local or via a third-party service: where possible this repository should have trusted digital repository (TDR) status.  If the latter option is chosen, the service should adhere to the principles within this policy.",304,18,no,yes
university-of-lincoln.md-1,university-of-lincoln.md,1,ACADEMIC POLICY FRONT COVER SHEET > Research Data Management Policy,,The purpose of this policy is to set out the University's expectations for the management and curation of research data across all academic disciplines and in all forms. The University recognises the value of sharing research data openly where appropriate as a way to promote scholarly discourse and support learning and teaching and therefore aspires to be a leader in open data practices.,64,2,yes,yes
university-of-liverpool.md-27,university-of-liverpool.md,27,University of Liverpool Research Data Management Policy > 6. Key expectations and guidance > 6.8 Open access to research data,,"Research data should be made openly available with their associated metadata in line with any relevant research funder or publisher policies. Where no policy exists, researchers are encouraged to share data underpinning research publications or of long-term value under the Horizon Europe principle “as open as possible, as closed as necessary”. Data should be shared in an appropriate manner (e.g. anonymised), with as few restrictions as possible, and in a timely manner.

Contact the Library’s Research Data Management Team for support and guidance around Open Access to research data.",92,5,no,yes
university-of-london.md-6,university-of-london.md,6,Research Data Management Policy > 2. Scope > 3. Definitions,,"1. Research data is a valuable resource in its own right. It validates research findings and has long-term value as a potential resource for future research and teaching. The University is committed to the definition of Research data as outlined in the Concordat on Open Research Data, which covers all data across disciplines:

Research Data are the evidence that underpins the answer to the research question and can be used to validate findings regardless of its form (e.g., print, digital, or physical).

Data that are collected, observed, generated, created, or obtained from commercial, government or other sources, for subsequent analysis and synthesis to produce original research results.

3. Shareable Research Data: Research Data that must be preserved for long-term storage and shared.",123,8,yes,yes
university-of-london.md-8,university-of-london.md,8,Research Data Management Policy > 2. Scope > 2. Research Data:,,"A reference that enables permanent identification and location of digital objects, such as datasets and journal articles. This means a reference to a dataset elsewhere (e.g., in the journal article it supports or in the University’s repository catalogue) is not going to break or become outdated as a web address might do.

1. The University is committed to good practice in research data management that supports and enhances the public value of its research by:

enabling the publication, sharing and citation of research datasets.

maximizing the impact of scholarly outputs.

enhancing the public visibility of funded research.

facilitating the reuse of data by future researchers.

avoiding duplication of data collection.

reducing the risk of data loss and corruption.

reducing the vulnerability of data due to file and software obsolescence.

enabling greater scrutiny of published research to affirm the robustness of findings.

2. Research data should be managed to agreed standards throughout the research data lifecycle which include:

Ensuring research data collection, retention, storage, and accessibility conforms to the highest ethical standards.

Complying with all relevant internal and external policies, procedures, and codes and with funders’ requirements; in case of conflict with the University Policy, the policies of the funders take precedence unless specified.

Complying with all relevant licence agreements; in case of conflict with the University Policy, the terms and conditions of any licence agreements take precedence.",227,17,yes,yes
university-of-milan.md-1,university-of-milan.md,1,Research Data Management Policy > 1. Preamble,,"The University of Milan acknowledges the fundamental importance of research data as valuable scientificresults. Therefore, the University recognizes the relevance of records management for supporting the principles of quality and integrity in scientific research and is committed to pursuing the highest standardsof data collection, storage and preservation.",47,2,yes,yes
university-of-nottingham.md-19,university-of-nottingham.md,19,UoN generic Data Management Plan guidance > Ethics and privacy > Data preservation,,"Sample text: “All anonymised research data created by the project will be deposited in the UoN research data archive (  UoN will retain and preserve research data in line with UoN and [insert your funder's name] requirements for a minimum of 7 [or insert your funder's minimum retention requirement if longer] years, but data will be retained for longer periods of time where it is of continual value to users",70,1,no,yes
university-of-nottingham.md-22,university-of-nottingham.md,22,"UoN generic Data Management Plan guidance > Data sharing, publication and access",,"Outline the way(s) in which your data will be shared (e.g., DOI), and/or any justification for why this is not possible. How will data be shared, and what is its value to others? State the timeline for public release of data and the mechanism to achieve this. The preferred way to share data is by depositing it with data repositories who will either publish it openly online, or offer some form of controlled access. You can also publish a description of your dataset in a data journal. You will need to include a data access statement in published outputs or final reports referencing your DOI, or, where and how data can be accessed.

Will the data be open, or will you charge to access it? Justify if charging.

How will you license the data?

How will you ensure that your data is Findable, Accessible, Interoperable, and Re-usable?",151,10,no,yes
university-of-nottingham.md-35,university-of-nottingham.md,35,UoN generic Data Management Plan guidance > Budgeting,,"You should consider the costs or funding required for capturing, processing, storing, and archiving data. Where dedicated resources are required, these should be outlined and justified as part of your plan and included in your overall budget. Many funders will cover costs associated with data management and sharing provided they are incurred within the funding period. You may wish to consider: Accessing third party data - are there costs associated with accessing third party data, for example, licences, or commercial providers; people and skills - is additional specialist expertise (or training for existing staff) required?; storage and computation - will additional computational resources be needed in order to process, analyse or store your data?; archive – will there be any costs associated with preserving and/or sharing your research data, such as using a repository? Estimate the costs for making your data FAIR. Describe how you intend to cover these costs. Describe costs and potential value of long term preservation.",156,7,yes,yes
university-of-oxford.md-0,university-of-oxford.md,0,University of Oxford Research Data Management Policy > 1. Introduction > 1.1 Statement of intent,1.1.1,"The University of Oxford takes pride in the wealth of research data which its academic community produces, and wishes to ensure the widest possible access to its world-class research. The value and utility of research outputs increases the more broadly they are available to be considered and used by others, including scholars, businesses and charities around the globe, as well as society in general. Access for everyone in any location to Oxford’s preserved and shared research data will also help to highlight the excellence of its research. It will attract scholars and students, foster collaboration, and enhance public engagement with research, and maximise the intellectual, social, cultural and economic impact of research.",114,4,no,yes
university-of-oxford.md-9,university-of-oxford.md,9,University of Oxford Research Data Management Policy > 3. Responsibilities of the researcher,3.5,"Researchers will preserve and provide appropriate access to their research data supporting outputs after the end of their project for as long as it has continuing value, in accordance with legal and funder requirements and paying due regard to discipline norms and cost. Notwithstanding, the minimum retention period for research data and records is either three years after publication or public release of the work of the research, or completion if the work is unreleased, or that specified in the contract/grant agreement related to the work, whichever is longest.",90,2,no,yes
university-of-portsmouth.md-6,university-of-portsmouth.md,6,RESEARCH DATA MANAGEMENT POLICY October 2021 > Research Data Management Policy: A Summary > Introduction,,"In addition to helping demonstrate good practice in terms of research design, it is also recognised in the San Francisco Declaration on Research Assessment (DORA) that the value of and impact of all research outputs including datasets and software as well as publications should be acknowledged.

There is now a need to include a Data Availability Statement (or equivalent wording/information in a data/methods/acknowledgement section) in all papers, whether or not the journals require them.",77,2,yes,yes
university-of-portsmouth.md-21,university-of-portsmouth.md,21,RESEARCH DATA MANAGEMENT POLICY October 2021 > The Policy > 8. Archived Research Data:,,"i) The Data Steward must ensure that research data held by UoP are archived for long-term preservation and (as far as possible) made OA if they substantiate published research findings, are of potential long-term value, and/or retention is a requirement of the Regulatory Environment. (Key Policy Point B)

ii) When making such research data OA, the Data Steward must ensure the research data (e.g. files) are stored in either an established subject specific repository or in the University’s own research data repository.",87,4,no,yes
university-of-reading.md-1,university-of-reading.md,1,Research Data Management Policy > Summary,,"This University is committed to the principles of Open Research.1 We subscribe to the principles of the UK Concordat on Open Research Data,2 and affirm that publicly-funded research data are a public good produced in the public interest, which should be made available with as few restrictions as possible in a timely and responsible manner.3 We recognise the fundamental importance of research data management in establishing the quality and integrity of research and enabling the verification of research findings. Datasets can also be valuable research outputs in their own right, and should be managed in such a way as to maximise their potential for use and impact.",108,2,yes,yes
university-of-reading.md-6,university-of-reading.md,6,"Research Data Management Policy > Managing research data > Preservation, sharing and disposal of data",,"Data that substantiate published research findings (including doctoral theses) or that have long-term value must be preserved and made accessible using a suitable data repository wherever possible in accordance with the FAIR Data Principles for Findable, Accessible, Interoperable and Re-usable research data, considering any legal, ethical, commercial or practical restrictions that may apply.

Data that are shared must be accompanied by sufficient documentation and relevant materials (such as code written to process data) to enable verification or reproduction of published results and re-use for research or other purposes.",91,2,yes,yes
university-of-reading.md-16,university-of-reading.md,16,Research Data Management Policy > Rights and licensing > Disposal of data,,"Data that do not substantiate published research findings and do not have long-term value should be disposed of when they no longer serve a purpose. Data that contain personal or confidential information must be disposed of securely in accordance with University guidelines.7

The University has ownership of intellectual property rights (IPR) in research datasets created in the course of research undertaken by researchers in its employment, unless rights have been contractually assigned to another party.

Ownership of IPR in a research dataset created by a student rests with the student, unless it has been assigned to another party under the terms of a contract of sponsorship or other agreement.

Where a dataset is the creation of more than one hand, IPR may be jointly held by more than one party.",131,5,no,yes
university-of-reading.md-29,university-of-reading.md,29,Research Data Management Policy > Guidance > What data should be preserved and shared,,"Some areas of research, for example computational modelling, can generate large volumes of synthetic data. In such cases it may be more important - and more viable - to preserve the reproducibility of a method rather than a specific set of outputs, which might have little long-term value and be prohibitively expensive to maintain. It may be sufficient to preserve the code used to execute a model along with information about the input data used and the computing environment in which the model was run.

Guidance on preserving and providing access to restricted and high-volume data is provided in the research data management website.24",104,4,no,yes
university-of-salford.md-1,university-of-salford.md,1,Authors: Head of Learning & Research Support; Academic Support Manager (Research) > 1.0 Purpose,,"This policy outlines the University of Salford’s requirements for research data management before, during, and after a research project’s lifecycle. The University champions good practice in research data management because it is integral to high-quality research and aligns with funder requirements and the values and priorities set out in the Innovation Strategy 2021-26.",55,2,yes,yes
university-of-salford.md-14,university-of-salford.md,14,Authors: Head of Learning & Research Support; Academic Support Manager (Research) > 4.0 Policy statements > 4.7 Retention,,"Researchers are responsible for selecting which research data to retain by considering potential long-term value, reproducibility of the research findings, and legal or funder requirements. Selected research data must be retained for at least any period stipulated by legal, contractual, regulatory, or ethical requirements, and in line with disciplinespecific norms, typically at least 10 years from publication.",57,2,no,yes
university-of-st-andrews.md-1,university-of-st-andrews.md,1,Research data management policy > 1. Policy Statement,,"1.1. As one of the leading research-intensive universities in the world, the University of St Andrews places high value on the research conducted under its auspices; whether produced solely within its academic schools, its centres/institutes or as result of research pooling. More information on the University's research activities can be found at",54,3,no,no
university-of-st-andrews.md-2,university-of-st-andrews.md,2,Research data management policy > 1. Policy Statement,,"1.2. The University is committed to excellence throughout its activities. These activities increasingly collect and produce raw and processed research data, much of which is valuable and needs to be retained over the long term. This applies equally to all disciplines.",40,4,yes,yes
university-of-st-andrews.md-3,university-of-st-andrews.md,3,Research data management policy > 1. Policy Statement,,"1.3. The purpose of research data management is to ensure that research data is managed according to good practices for collection, curation, storage, management, retrieval, re-use, sharing, archiving, preservation and access, as appropriate for the data and discipline concerned, to support researchers to:

1.3.1. maximise the academic value of research data;",50,4,yes,yes
university-of-strathclyde.md-47,university-of-strathclyde.md,47,"Research Data Management and Sharing Policy > Table of Contents > 4. Operational requirements > 4.5 Research data and accompanying metadata and documentation must be registered in the University’s research information system, Pure.",4.5.6,"Where a dataset record draft is started but not finalised, it can remain as an ‘entry in progress’ record for a maximum of 24 months, after which point the record will be deleted. Where a dataset record is required to remain at ‘entry in progress’ for longer than 24 months, an appropriate maximum retention period should be noted in the dataset description.

Dataset records must by related to any other relevant content in Pure including publications, projects, activities and impacts.

Research data that contribute to published research findings, or that have acknowledged long-term value, must be retained for a minimum of 10 years, or longer if stipulated by the funder or advised by discipline convention.",113,4,yes,yes
university-of-strathclyde.md-50,university-of-strathclyde.md,50,"Research Data Management and Sharing Policy > Table of Contents > 4. Operational requirements > 4.5 Research data and accompanying metadata and documentation must be registered in the University’s research information system, Pure.",4.6.3,"Some funders require that data with acknowledged long-term value also be preserved and remain accessible and usable for future research4. Data with acknowledged long-term value should be preserved for a minimum period of 10 years, from date of last access/use, as above.

A minimum retention period longer than 10 years may be specified by third parties for specific types of research output. Researchers can check the required retention period with the RDMS Service.

Descriptive Metadata should be sufficient to ensure discovery, even in cases where public access to the data is restricted or has been removed.",97,5,yes,yes
university-of-surrey.md-12,university-of-surrey.md,12,Further guidance and tools > 2 Policy Principles,2.6,"Research data that substantiate research findings or is of long-term value should be preserved in an appropriate format with adequate documentation for verification and reuse for a minimum of 10 years from project end or as long as is mandated by funder, ethical, legal, or regulatory requirements.

A data access or availability statement should be included in published papers. It should describe where and on what terms supporting research data may be accessed.

The policy will be publicly available on the University of Surrey’s policy website. It will also be promoted via news posts, presentations, and direct communication with relevant staff.

Implementation of the policy will be supported by policy specific guidance on the Library’s Open Research website, including links to other relevant guidance, e.g.  Research Integrity and Governance Office, Data Protection, IT Services, funders policies, etc.

The Open Research team, based in the Library, will provide advice, guidance, support, and training on all elements of research data management and open data before, during, and after research is undertaken.

Heads of Departments/Schools and others responsible for research staff and students are responsible for ensuring that researchers in their areas are aware of the University’s policy and supporting guidelines and procedures regarding research data management.

IT Services are responsible for providing technical infrastructure for the storage and backup of research data during active research as appropriate.",230,10,yes,yes
university-of-the-west-of-england.md-5,university-of-the-west-of-england.md,5,UWE Research Data Management Policy > 3 General Principles,,"Research data is a valuable asset which is expensive to produce and sometimes cannot be reproduced. UWE Bristol therefore expects researchers to effectively manage research data.
Researchers must make themselves aware of, and comply with relevant legislation and regulation, ethical requirements, contractual obligations and funder requirements, professional standards and University policies, as they apply to their research data, during the full research lifecycle.
Researchers should apply appropriate measures to ensure research participants are protected during the full research data lifecycle, and must comply with both GDPR and the supplementary Data Protection Act 2018.
UWE Bristol supports the principles of open research. Research data should be preserved and made available for sharing and re-use as quickly as possible, with as few restrictions as possible, when it is appropriate and safe to do so.  FAIR principles

(findable, accessible, interoperable, re-usable) should be considered as part of this process.

All researchers are required to familiarise themselves with this policy and the University’s research data management guidance.

Researchers must comply with the following requirements, including making themselves aware of, and adhering to, relevant legislation and regulation, funders’ requirements and relevant University policies.",190,10,yes,yes
university-of-the-west-of-england.md-11,university-of-the-west-of-england.md,11,UWE Research Data Management Policy > 4 Policy/ Procedure/ Code of Practice > 4.1 Researcher responsibilities > Retention of research data,,"Research data must be assessed for retention, according to the UWE Data Retention
Schedule. Research data not selected for retention must be appropriately and securely
destroyed in a timely way, and a record of its destruction made. o Destruction may need to take place because the research data is not deemed sufficiently valuable to warrant the costs of storing and supporting it. o Research data may also need to be destroyed where consents, or legal or regulatory requirements, mean that this is necessary.

The UWE Research Project Manager / PI is responsible for ensuring that all legal, ethical and contractual requirements are complied with in relation to third party access to data.",111,7,yes,yes
university-of-the-west-of-scotland-uws.md-1,university-of-the-west-of-scotland-uws.md,1,Research Data Management Procedure v1 – April 2023 > RESEARCH DATA MANAGEMENT PROCEDURE > Scope,,"This document applies to all research data generated or adapted by Researchers at UWS, including postgraduate (PG) research students and visiting researchers. The University requires its Researchers to manage research data responsibly, and to preserve and disseminate data of long-term value in line with this Procedure.

Archive data: data that is selected for retention upon completion of the project, that has been curated into a usable and accessible format.",70,3,yes,yes
university-of-twente.md-18,university-of-twente.md,18,Research Data Management policy UNIVERSITY OF TWENTE > 3 RDM POLICY AT THE UT > Data registration,,"Because research data is becoming a valuable asset and in the near future will be formally recognized as scientific output, it is important to know what digital and/or non-digital research data and related materials have been created or used and where these are located.",46,1,yes,yes
university-of-worcester.md-5,university-of-worcester.md,5,The Policy > 1. Introduction,1.1,"The University of Worcester recognises research data as a valuable institutional asset, and the role of research data management in underpinning research excellence and integrity. The University endorses the RCUK Common Principles on Data Management and the Concordat on Open Data.

Research data will be managed in line with funder requirements as well as University policy and other relevant regulations and legislation.

The ownership of data generated by researchers at the University will normally be determined by the University’s Intellectual Property Policy unless the terms of research grants or contracts determine otherwise.

Research Data are defined as any datasets, texts, images, recordings or artefacts generated through the research process which underpin the findings of a research project.

Research data should be:",122,6,yes,yes
university-of-worcester.md-13,university-of-worcester.md,13,The Policy > 2. Responsibilities > Data Preservation,2.17,"Consent for participation was subject to data not being preserved
Ethical considerations, such as need to ensure anonymity, argue against preserving the data
The data is insufficiently robust or meaningful to warrant preservation
The data does not have long-term value",41,4,no,yes
university-of-york.md-0,university-of-york.md,0,Research Data Management Policy > 1. Statement of intent,1.1,"The University of York recognises research data as a valuable institutional asset, and the role of good research data management in underpinning University strategic development, essential functions and research integrity.",30,1,yes,yes
university-of-york.md-2,university-of-york.md,2,Research Data Management Policy > 1. Statement of intent,1.3,"The University is committed to the values, principles and culture of open research, as set out in the Open Research Statement. This includes open access to research data, wherever this is appropriate, ensuring that a wide range of audiences can freely discover, engage and reuse its world-class research.",49,2,yes,yes
university-of-york.md-12,university-of-york.md,12,Research Data Management Policy > 5. Researcher responsibilities,5.6,"Researchers will preserve and provide appropriate access to their research data for as long as it is of continuing value to the researcher and the wider research community, and as long as specified by research funders, patent law, legislative and other regulatory requirements.",43,1,no,yes
universität-bayreuth.md-19,universität-bayreuth.md,19,The University of Bayreuth’s Policy for Research Data Management dated 09.11.2023 > Preamble > Glossary > Research data,,"All data that are generated, collected, observed, simulated, or derived in the research process are regarded as research data. Typical examples of research data are measurement data, laboratory values, audiovisual information, texts, survey results, objects from collections, methodological test procedures or simulations, source code, and protocols. The range of data types reflects the diversity and methodological development of scientific disciplines and research procedures. Research data can arise in various forms during the research project (different format variants of primary data, processed data including negative or ambiguous results, shared data, published data) and can be provided with different access authorizations, e.g. as open, restricted, or non-public data. For the provision and subsequent use of research data, it is necessary to document the context in which the data were generated and to document (as metadata) the tools and methods used in this process.

Research data management",146,7,yes,no
universität-graz.md-1,universität-graz.md,1,Research Data Management Policy of the University of Graz > Overview: > 1. Preamble,,"The University of Graz, in line with the direction and aims of EU science policy, acknowledges the fundamental importance of managing research data and other records in ensuring high-quality research, research integrity and good scientific practice, and is committed to pursuing the highest standards. The University of Graz recognises that correct and easily retrievable research data are integral to and provide the foundation for any kind of research activity. Furthermore, research data have a long-term value for research and academia and the potential for widespread use in society.",90,3,yes,yes
universität-rostock.md-1,universität-rostock.md,1,Research Data Policy of the University of Rostock > Preamble,,"With its Research Data Policy, the University of Rostock aims to provide its researchers principles and recommendations for planning, handling, archiving and sustainably publishing research data. The University of Rostock recognises the value of exchanging and publishing data for disseminating research work and publications.",44,2,yes,yes
wrexham-university.md-3,wrexham-university.md,3,Prifysgol Wrecsam Wrexham University > Introduction,,"The University recognises research data as a valued asset. It identifies the maintenance of accurate and retrievable data from the research community as best practice, acknowledging that sharing research data is crucial to the impact, visibility, transparency, trust, and knowledge transfer of the University's research.",46,2,yes,yes
wrexham-university.md-34,wrexham-university.md,34,Prifysgol Wrecsam Wrexham University,,"Publicly funded research data are a public good and produced in the public interest.
Datra that has acknowledged long-term value should be preserved to remain accessible and usable for future research.
Published results should always include information about how to access the supporting data.
Such research data should be made openly available with as few restrictions as possible in a timely and responsible manner.",65,4,no,yes